record_id,trial_id,channel,hard_ok,clip_samples_in_support,flat_samples_in_support,ptp,jump,baseline_scale,drift_abs,rejection_reasons
VisualCogA_Task-1,VisualCogA_Ta:000,Fz,True,0,0,172.18280308232238,45.44136720836195,7.827566948958459,95.4757000076296,
VisualCogA_Task-1,VisualCogA_Ta:000,F3,True,0,0,271.88525215533707,52.979324025330016,12.035449759670193,121.87380788891426,
VisualCogA_Task-1,VisualCogA_Ta:000,F4,True,0,0,183.59655146105138,49.16456855115575,11.085282673380512,119.49340047302974,
VisualCogA_Task-1,VisualCogA_Ta:001,Fz,True,0,0,57.557030594338926,21.271076523994907,7.737074845502291,20.248722056916108,
VisualCogA_Task-1,VisualCogA_Ta:001,F3,True,0,0,178.01174944686045,21.759365224689077,11.356758983749016,19.073777370870573,
VisualCogA_Task-1,VisualCogA_Ta:001,F4,True,0,0,851.2092774853131,28.74799725337607,46.87490959029509,142.94651712825214,
VisualCogA_Task-1,VisualCogA_Ta:002,Fz,True,0,0,335.4543373769741,23.529411764705856,9.456424811169486,48.981460288395624,
VisualCogA_Task-1,VisualCogA_Ta:002,F3,False,194,192,,,,,clip_or_out_of_range|flat_run
VisualCogA_Task-1,VisualCogA_Ta:002,F4,False,232,232,,,,,clip_or_out_of_range|flat_run
VisualCogA_Task-1,VisualCogA_Ta:003,Fz,True,0,0,60.21210040436404,21.45418478675515,5.972478828107096,55.313954375524645,
VisualCogA_Task-1,VisualCogA_Ta:003,F3,True,0,0,345.61684596017403,34.54642557412069,22.034827191577026,10.360875867856805,
VisualCogA_Task-1,VisualCogA_Ta:003,F4,True,0,0,260.9292744335088,39.21568627450972,6.78690775921261,187.685969329366,
VisualCogA_Task-1,VisualCogA_Ta:004,Fz,True,0,0,79.28587777523455,19.317921721217544,11.447251087205185,48.111696040283846,
VisualCogA_Task-1,VisualCogA_Ta:004,F3,True,0,0,321.50759136339366,29.205767910276904,22.487287708858034,37.06416418707556,
VisualCogA_Task-1,VisualCogA_Ta:004,F4,True,0,0,143.09910734721905,25.36049439230942,16.3790707255666,234.66849774929437,
VisualCogA_Task-1,VisualCogA_Ta:005,Fz,True,0,0,101.99130235751886,21.210040436408008,6.153463035019433,23.36156252384211,
VisualCogA_Task-1,VisualCogA_Ta:005,F3,True,0,0,1010.5745021744106,30.579079880979407,39.68078736552964,72.41931792172113,
VisualCogA_Task-1,VisualCogA_Ta:005,F4,True,0,0,1240.2532997634853,29.236285954070354,56.738548867017585,55.207141222247685,
VisualCogA_Task-1,VisualCogA_Ta:006,Fz,True,0,0,52.21637293049514,21.576256961928834,8.777734035248477,32.94422827496771,
VisualCogA_Task-1,VisualCogA_Ta:006,F3,True,0,0,142.33615625238417,28.564888990615714,9.501670862897655,54.90196078431376,
VisualCogA_Task-1,VisualCogA_Ta:006,F4,True,0,0,291.6914625772488,30.42648966201284,10.13511558709083,58.04531929503321,
VisualCogA_Task-1,VisualCogA_Ta:007,Fz,True,0,0,88.47180895704582,19.439993896391115,7.6465827420462915,34.225986114290095,
VisualCogA_Task-1,VisualCogA_Ta:007,F3,True,0,0,525.3681239032578,29.81612878614476,8.189535362783133,74.69291218432897,
VisualCogA_Task-1,VisualCogA_Ta:007,F4,True,0,0,688.5175860227358,26.85587853818572,9.139702449072981,264.78980697337295,
VisualCogA_Task-1,VisualCogA_Ta:008,Fz,True,0,0,45.563439383535524,18.31082627603564,7.737074845502291,12.405584802014118,
VisualCogA_Task-1,VisualCogA_Ta:008,F3,True,0,0,244.02227817196922,26.61173418783858,6.062970931563265,145.0675211718929,
VisualCogA_Task-1,VisualCogA_Ta:008,F4,True,0,0,113.4966048676281,27.100022888532862,6.877399862668778,176.1043717097735,
VisualCogA_Task-1,VisualCogA_Ta:009,Fz,True,0,0,60.852979324025455,20.17242694743254,7.827566948958628,22.140840772106458,
VisualCogA_Task-1,VisualCogA_Ta:009,F3,True,0,0,93.26314183260854,29.083695735103447,9.049210345616983,105.60769054703593,
VisualCogA_Task-1,VisualCogA_Ta:009,F4,True,0,0,121.40077821011664,31.128404669260703,6.967891966124946,169.2988479438468,
VisualCogA_Task-1,VisualCogA_Ta:010,Fz,True,0,0,82.42923628595406,19.806210421912056,7.827566948958796,39.20042725261328,
VisualCogA_Task-1,VisualCogA_Ta:010,F3,True,0,0,884.199282825971,34.66849774929415,19.591540398260992,537.178606851301,
VisualCogA_Task-1,VisualCogA_Ta:010,F4,True,0,0,562.7832455939573,34.760051880674155,8.551503776607804,385.32082093537804,
VisualCogA_Task-1,VisualCogA_Ta:011,Fz,True,0,0,67.84161135271233,23.224231326771815,11.08528267338085,43.04570077058065,
VisualCogA_Task-1,VisualCogA_Ta:011,F3,True,0,0,96.25391012436103,40.558480201419115,18.550881208514635,60.410467689021175,
VisualCogA_Task-1,VisualCogA_Ta:011,F4,True,0,0,137.27016098268098,25.421530479896205,13.211847104600547,161.36415655756463,
VisualCogA_Task-1,VisualCogA_Ta:012,Fz,True,0,0,61.52437628747998,20.20294499122599,8.777734035248477,27.878233005264292,
VisualCogA_Task-1,VisualCogA_Ta:012,F3,True,0,0,67.3228046082246,34.30228122377355,10.270853742275168,56.59571221484708,
VisualCogA_Task-1,VisualCogA_Ta:012,F4,True,0,0,73.79262989242386,23.529411764705856,10.58757610437167,22.537575341420677,
VisualCogA_Task-1,VisualCogA_Ta:013,Fz,True,0,0,124.05584802014187,22.40024414435061,8.596749828336142,16.800183108262672,
VisualCogA_Task-1,VisualCogA_Ta:013,F3,True,0,0,964.1260395208667,33.29518577859153,14.071522087433891,722.3773556115054,
VisualCogA_Task-1,VisualCogA_Ta:013,F4,False,390,390,,,,,clip_or_out_of_range|flat_run
VisualCogA_Task-1,VisualCogA_Ta:014,Fz,True,0,0,139.10124361028466,19.745174334325156,8.415765621423805,54.18478675516906,
VisualCogA_Task-1,VisualCogA_Ta:014,F3,True,0,0,757.5494010833905,37.04890516517912,10.451837949187503,42.069123369192084,
VisualCogA_Task-1,VisualCogA_Ta:014,F4,False,60,59,,,,,clip_or_out_of_range|flat_run
VisualCogA_Task-1,VisualCogA_Ta:015,Fz,True,0,0,134.82871747920956,27.496757457846797,5.972478828107096,23.910887312123236,
VisualCogA_Task-1,VisualCogA_Ta:015,F3,True,0,0,276.5239948119324,41.29091325246054,16.695793087662935,248.12695506218057,
VisualCogA_Task-1,VisualCogA_Ta:015,F4,True,0,0,333.13496604867623,27.527275501640247,26.423694209201095,339.5895323109788,
VisualCogA_Task-1,VisualCogA_Ta:016,Fz,True,0,0,133.66903181506063,19.37895780880467,11.854465552758025,18.814373998626593,
VisualCogA_Task-1,VisualCogA_Ta:016,F3,True,0,0,181.64339665827424,35.034714274814974,11.944957656214193,195.23918516823073,
VisualCogA_Task-1,VisualCogA_Ta:016,F4,True,0,0,178.68314641031498,26.367589837491437,9.365932707713318,281.91042954146644,
VisualCogA_Task-1,VisualCogA_Ta:017,Fz,True,0,0,100.49591821164256,31.708247501335336,9.818393224994495,34.19546807049676,
VisualCogA_Task-1,VisualCogA_Ta:017,F3,True,0,0,138.2162203402762,35.126268406195095,8.596749828335973,12.31403067063394,
VisualCogA_Task-1,VisualCogA_Ta:017,F4,True,0,0,127.53490501258864,34.82108796826117,8.370519569695636,13.3211261158159,
VisualCogA_Task-1,VisualCogA_Ta:018,Fz,True,0,0,130.89188982986195,20.019836728465634,51.21853055619116,37.97970550087746,
VisualCogA_Task-1,VisualCogA_Ta:018,F3,True,0,0,135.16441596093705,27.496757457847025,51.39951476310384,62.11947814145117,
VisualCogA_Task-1,VisualCogA_Ta:018,F4,True,0,0,163.851377126726,32.99000534065749,52.530666056305854,77.07331960021361,
VisualCogA_Task-1,VisualCogA_Ta:019,Fz,True,0,0,264.16418707560865,24.96375982299537,8.461011673151805,135.14915693904015,
VisualCogA_Task-1,VisualCogA_Ta:019,F3,False,65,65,,,,,clip_or_out_of_range|flat_run
VisualCogA_Task-1,VisualCogA_Ta:019,F4,False,198,197,,,,,clip_or_out_of_range|flat_run
VisualCogA_Task-1,VisualCogA_Ta:020,Fz,True,0,0,126.98558022430768,19.2568856336311,7.1036301213092825,28.671702143892503,
VisualCogA_Task-1,VisualCogA_Ta:020,F3,True,0,0,166.4148928053712,31.738765545128558,7.64658274204646,147.7683680476082,
VisualCogA_Task-1,VisualCogA_Ta:020,F4,True,0,0,297.94766155489435,26.459143968871558,5.429526207370088,232.10498207064927,
VisualCogA_Task-1,VisualCogA_Ta:021,Fz,True,0,0,158.81589990081625,19.867246509498727,7.1036301213092825,79.60631723506526,
VisualCogA_Task-1,VisualCogA_Ta:021,F3,True,0,0,1143.8162813763638,37.50667582207984,56.24084229800824,204.74555580987249,
VisualCogA_Task-1,VisualCogA_Ta:021,F4,False,38,38,,,,,clip_or_out_of_range|flat_run
VisualCogA_Task-1,VisualCogA_Ta:022,Fz,True,0,0,126.83299000534055,26.733806363012036,5.83674067292276,78.23300526436253,
VisualCogA_Task-1,VisualCogA_Ta:022,F3,True,0,0,952.4376287479973,32.89845120927748,34.52273746852823,14.892805371175655,
VisualCogA_Task-1,VisualCogA_Ta:022,F4,True,0,0,1179.4308384832532,33.87502861066582,41.21915312428467,95.61303120469978,
VisualCogA_Task-1,VisualCogA_Ta:023,Fz,True,0,0,125.88693064774554,23.590447852292982,6.786907759212442,31.235217822537606,
VisualCogA_Task-1,VisualCogA_Ta:023,F3,True,0,0,125.55123216601817,41.04676890211351,9.637409018081991,289.2652780956741,
VisualCogA_Task-1,VisualCogA_Ta:023,F4,True,0,0,153.353170061799,26.428625925078222,10.994790569924513,300.58747234302285,
VisualCogA_Task-1,VisualCogA_Ta:024,Fz,True,0,0,72.35828183413457,24.7806515602349,7.1036301213092825,0.35095750362398803,
VisualCogA_Task-1,VisualCogA_Ta:024,F3,True,0,0,323.6743724727244,28.6259250782025,19.86301670862899,171.74029144731816,
VisualCogA_Task-1,VisualCogA_Ta:024,F4,True,0,0,889.967193102922,28.107118333714766,58.0506843671316,131.53276874952314,
VisualCogA_Task-1,VisualCogA_Ta:025,Fz,True,0,0,139.37590600442513,18.799114976729925,11.763973449302194,19.72991531242843,
VisualCogA_Task-1,VisualCogA_Ta:025,F3,True,0,0,144.59449149309523,35.187304493781994,15.021689173724079,36.39276722362098,
VisualCogA_Task-1,VisualCogA_Ta:025,F4,True,0,0,128.11474784466316,29.29732204165714,11.266266880293017,97.12367437247275,
VisualCogA_Task-1,VisualCogA_Ta:026,Fz,True,0,0,176.60791943236438,25.116350041962505,8.461011673151805,18.02090485999844,
VisualCogA_Task-1,VisualCogA_Ta:026,F3,False,184,184,,,,,clip_or_out_of_range|flat_run
VisualCogA_Task-1,VisualCogA_Ta:026,F4,False,226,226,,,,,clip_or_out_of_range|flat_run
VisualCogA_Task-1,VisualCogA_Ta:027,Fz,True,0,0,225.3757534142062,80.41504539559037,7.827566948958459,86.94590676737607,
VisualCogA_Task-1,VisualCogA_Ta:027,F3,True,0,0,293.30891889829854,166.78110933089192,9.863639276722326,102.28122377355606,
VisualCogA_Task-1,VisualCogA_Ta:027,F4,True,0,0,298.3138780804152,143.09910734721916,20.632199588006504,122.39261463340205,
VisualCogA_Task-1,VisualCogA_Ta:028,Fz,True,0,0,117.46395056076915,22.278171969176697,9.592162966353822,22.598611429007292,
VisualCogA_Task-1,VisualCogA_Ta:028,F3,True,0,0,158.4191653315022,28.381780727855357,9.365932707713318,308.55268177309836,
VisualCogA_Task-1,VisualCogA_Ta:028,F4,True,0,0,232.21179522392617,27.618829633020482,10.225607690547,380.72785534447235,
VisualCogA_Task-1,VisualCogA_Ta:029,Fz,True,0,0,59.93743801022356,21.149004348821336,10.994790569924513,7.858396276798658,
VisualCogA_Task-1,VisualCogA_Ta:029,F3,True,0,0,87.15953307392999,27.25261310749977,8.461011673151805,154.94010833905548,
VisualCogA_Task-1,VisualCogA_Ta:029,F4,True,0,0,90.91325246051724,34.39383535515378,13.211847104600547,169.8786907759212,
VisualCogA_Task-1,VisualCogA_Ta:030,Fz,True,0,0,117.03669794766176,18.646524757763018,9.230194552529317,18.295567254138973,
VisualCogA_Task-1,VisualCogA_Ta:030,F3,True,0,0,216.3118944075685,23.163195239185143,12.03544975967053,83.72625314717328,
VisualCogA_Task-1,VisualCogA_Ta:030,F4,True,0,0,464.78980697337295,25.329976348516084,26.876154726482103,180.84992751964603,
VisualCogA_Task-1,VisualCogA_Ta:031,Fz,True,0,0,71.22911421377898,21.02693217364765,7.8728130006866275,22.629129472800685,
VisualCogA_Task-1,VisualCogA_Ta:031,F3,True,0,0,90.39444571602962,27.161058976119648,7.465598535133787,46.95201037613492,
VisualCogA_Task-1,VisualCogA_Ta:031,F4,True,0,0,99.00053406576637,25.66567483024346,8.68724193179214,56.32104982070655,
VisualCogA_Task-1,VisualCogA_Ta:032,Fz,True,0,0,64.63721675440604,20.386053253986347,9.592162966353822,22.110322728313065,
VisualCogA_Task-1,VisualCogA_Ta:032,F3,True,0,0,75.62371252002742,25.726710917830246,7.5560906385899544,7.949950408178836,
VisualCogA_Task-1,VisualCogA_Ta:032,F4,True,0,0,68.75715266651423,28.47333485923548,9.954131380178495,4.379339284351829,
VisualCogA_Task-1,VisualCogA_Ta:033,Fz,True,0,0,69.36751354238197,24.048218509193475,17.28399176012828,26.99320973525596,
VisualCogA_Task-1,VisualCogA_Ta:033,F3,True,0,0,127.71801327534888,28.198672465094887,18.86760357061097,7.705806057831694,
VisualCogA_Task-1,VisualCogA_Ta:033,F4,True,0,0,113.49660486762787,30.36545357442583,18.82235751888348,8.041504539558957,
VisualCogA_Task-1,VisualCogA_Ta:034,Fz,True,0,0,64.85084306095973,19.012741283283844,8.68724193179214,21.13374532692444,
VisualCogA_Task-1,VisualCogA_Ta:034,F3,True,0,0,106.44693675135409,27.222095063706433,8.234781414511469,33.89028763256283,
VisualCogA_Task-1,VisualCogA_Ta:034,F4,True,0,0,89.66201266498808,25.452048523689655,8.461011673151468,43.73235675593196,
VisualCogA_Task-1,VisualCogA_Ta:035,Fz,True,0,0,314.9767299916076,24.99427786678882,20.179739070725493,136.88868543526354,
VisualCogA_Task-1,VisualCogA_Ta:035,F3,False,306,303,,,,,clip_or_out_of_range|flat_run
VisualCogA_Task-1,VisualCogA_Ta:035,F4,False,302,299,,,,,clip_or_out_of_range|flat_run
VisualCogA_Task-1,VisualCogA_Ta:036,Fz,True,0,0,189.97482261387063,118.53208209353772,31.129283588921837,41.36720836194411,
VisualCogA_Task-1,VisualCogA_Ta:036,F3,True,0,0,357.3052567330434,219.15007248035397,46.82966353856709,180.0717174029145,
VisualCogA_Task-1,VisualCogA_Ta:036,F4,True,0,0,288.1513694972152,139.0707255664911,34.34175326161589,189.31868467231254,
VisualCogA_Task-1,VisualCogA_Ta:037,Fz,True,0,0,46.81467917906457,20.386053253986347,9.049210345616814,11.886778057526499,
VisualCogA_Task-1,VisualCogA_Ta:037,F3,True,0,0,153.38368810559223,27.313649195086555,10.451837949187503,36.74372472724497,
VisualCogA_Task-1,VisualCogA_Ta:037,F4,True,0,0,85.14534218356596,21.271076523994793,9.863639276722326,96.94056610971239,
VisualCogA_Task-1,VisualCogA_Ta:038,Fz,True,0,0,225.25368123903263,22.339208056763482,7.556090638590123,26.794842450598935,
VisualCogA_Task-1,VisualCogA_Ta:038,F3,False,334,333,,,,,clip_or_out_of_range|flat_run
VisualCogA_Task-1,VisualCogA_Ta:038,F4,False,376,376,,,,,clip_or_out_of_range|flat_run
VisualCogA_Task-1,VisualCogA_Ta:039,Fz,True,0,0,181.27718013275353,22.156099794003126,9.59216296635399,98.25284199282822,
VisualCogA_Task-1,VisualCogA_Ta:039,F3,False,271,268,,,,,clip_or_out_of_range|flat_run
VisualCogA_Task-1,VisualCogA_Ta:039,F4,True,0,0,1128.7098496986341,26.428625925078222,7.28461432822145,327.41283283741507,
VisualCogA_Task-1,VisualCogA_Ta:040,Fz,True,0,0,147.2800793469138,20.141908903639205,9.592162966353822,6.790264744029855,
VisualCogA_Task-1,VisualCogA_Ta:040,F3,True,0,0,779.7055008773935,28.259708552681786,40.314232089723326,5.218585488670158,
VisualCogA_Task-1,VisualCogA_Ta:040,F4,False,10,0,,,,,clip_or_out_of_range
VisualCogA_Task-1,VisualCogA_Ta:041,Fz,True,0,0,182.98619058518364,20.782787823300396,14.569228656443238,34.13443198290997,
VisualCogA_Task-1,VisualCogA_Ta:041,F3,True,0,0,212.98542763408864,27.191577019912984,8.008551155871132,97.24574654764632,
VisualCogA_Task-1,VisualCogA_Ta:041,F4,True,0,0,284.397650110628,25.17738612954895,16.4695628290226,33.75295643549259,
VisualCogA_Task-1,VisualCogA_Ta:042,Fz,True,0,0,151.7051956969559,22.15609979400324,7.103630121309114,6.5156023498893205,
VisualCogA_Task-1,VisualCogA_Ta:042,F3,True,0,0,153.59731441214626,26.94743266956573,7.737074845502629,66.91081101701383,
VisualCogA_Task-1,VisualCogA_Ta:042,F4,True,0,0,207.27855344472414,25.60463874265656,9.863639276722495,62.577248798352,
VisualCogA_Task-1,VisualCogA_Ta:043,Fz,True,0,0,160.37232013427945,22.583352407110624,10.723314259556009,17.837796597238082,
VisualCogA_Task-1,VisualCogA_Ta:043,F3,True,0,0,175.4177157244219,24.68909742885478,8.596749828335804,29.465171282520714,
VisualCogA_Task-1,VisualCogA_Ta:043,F4,True,0,0,203.28068970778975,28.16815442130155,8.370519569695636,31.143663691157485,
VisualCogA_Task-1,VisualCogA_Ta:044,Fz,True,0,0,136.53772793163967,22.278171969176697,7.013138017852946,5.661097123674381,
VisualCogA_Task-1,VisualCogA_Ta:044,F3,True,0,0,577.4319066147862,29.38887617303726,25.473527122911413,214.35873960479125,
VisualCogA_Task-1,VisualCogA_Ta:044,F4,True,0,0,288.30395971618225,29.663538567177966,7.918059052414796,192.79774166475931,
VisualCogA_Task-1,VisualCogA_Ta:045,Fz,True,0,0,73.36537727931648,24.872205691615136,9.546916914625822,47.4708171206226,
VisualCogA_Task-1,VisualCogA_Ta:045,F3,False,168,165,,,,,clip_or_out_of_range|flat_run
VisualCogA_Task-1,VisualCogA_Ta:045,F4,False,359,358,,,,,clip_or_out_of_range|flat_run
VisualCogA_Task-1,VisualCogA_Ta:046,Fz,True,0,0,69.27595941100162,26.7643244068056,9.637409018081991,27.664606698710486,
VisualCogA_Task-1,VisualCogA_Ta:046,F3,True,0,0,91.40154116121153,34.02761882963307,15.02168917372391,128.89295796139464,
VisualCogA_Task-1,VisualCogA_Ta:046,F4,True,0,0,99.9465934233616,25.604638742656675,9.003964293888982,152.86488136110478,
VisualCogA_Task-1,VisualCogA_Ta:047,Fz,True,0,0,140.6881818875412,21.33211261158158,11.13052872510868,17.38002594033719,
VisualCogA_Task-1,VisualCogA_Ta:047,F3,True,0,0,163.39360646982527,28.44281681544203,9.908885328450495,34.37857633325706,
VisualCogA_Task-1,VisualCogA_Ta:047,F4,True,0,0,167.20836194399942,24.231326771953945,12.849878690775874,43.47295338368809,
VisualCogA_Task-1,VisualCogA_Ta:048,Fz,True,0,0,56.73304341191749,18.18875410086207,6.741661707484441,11.429007400625608,
VisualCogA_Task-1,VisualCogA_Ta:048,F3,True,0,0,98.42069123369197,25.024795910582156,10.451837949187334,95.53673609521633,
VisualCogA_Task-1,VisualCogA_Ta:048,F4,True,0,0,84.3823910887312,25.146868085755614,6.696415655756442,156.26764324406804,
VisualCogA_Task-1,VisualCogA_Ta:049,Fz,True,0,0,82.24612802319382,26.428625925078222,9.23019455252915,10.788128480964303,
VisualCogA_Task-1,VisualCogA_Ta:049,F3,True,0,0,127.71801327534911,28.015564202334417,7.737074845502291,26.99320973525596,
VisualCogA_Task-1,VisualCogA_Ta:049,F4,True,0,0,279.7589074540323,24.078736552987152,9.863639276722495,7.125963225757175,
VisualCogA_Task-1,VisualCogA_Ta:050,Fz,True,0,0,148.80598153658332,20.72175173571361,11.673481345845858,41.24513618677037,
VisualCogA_Task-1,VisualCogA_Ta:050,F3,True,0,0,672.1599145494775,28.076600289921544,62.48479743648435,519.2797741664758,
VisualCogA_Task-1,VisualCogA_Ta:050,F4,True,0,0,834.4243533989472,26.855878538185607,75.15369192034755,620.3402761882963,
VisualCogA_Task-1,VisualCogA_Ta:051,Fz,True,0,0,236.45380331120782,27.222095063706433,13.257093156328885,19.348439765010994,
VisualCogA_Task-1,VisualCogA_Ta:051,F3,True,0,0,1325.612268253605,37.04890516517912,109.58593728542012,641.2451361867703,
VisualCogA_Task-1,VisualCogA_Ta:051,F4,True,0,0,1085.5268177309833,28.595407034408936,65.87825131609057,375.99755855649653,
VisualCogA_Task-1,VisualCogA_Ta:052,Fz,True,0,0,308.99519340810275,28.442816815442143,18.86760357061114,101.30464637216755,
VisualCogA_Task-1,VisualCogA_Ta:052,F3,False,15,0,,,,,clip_or_out_of_range
VisualCogA_Task-1,VisualCogA_Ta:052,F4,True,0,0,1057.2365911345084,44.159609369039345,73.38909590295252,427.8934920271611,
VisualCogA_Task-1,VisualCogA_Ta:053,Fz,True,0,0,117.92172121766998,26.794842450598935,10.135115587091168,56.504158083466905,
VisualCogA_Task-1,VisualCogA_Ta:053,F3,True,0,0,352.33081559472043,34.36331731136033,20.994168001831177,339.7421225299458,
VisualCogA_Task-1,VisualCogA_Ta:053,F4,True,0,0,1026.2912947280079,28.809033340962856,102.21083085374232,276.0967421988249,
VisualCogA_Task-1,VisualCogA_Ta:054,Fz,True,0,0,128.1452658884565,29.571984435797958,8.64199588006414,24.063477531090143,
VisualCogA_Task-1,VisualCogA_Ta:054,F3,True,0,0,254.0627145799955,28.442816815442143,14.885951018539743,166.170748455024,
VisualCogA_Task-1,VisualCogA_Ta:054,F4,True,0,0,210.42191195544365,25.055313954375606,15.609887846188919,199.9237048905165,
VisualCogA_Task-1,VisualCogA_Ta:055,Fz,True,0,0,76.99702449073015,28.900587472342977,9.501670862897655,2.4567025253680868,
VisualCogA_Task-1,VisualCogA_Ta:055,F3,True,0,0,254.70359349965668,28.442816815442256,8.68724193179214,53.940642404821915,
VisualCogA_Task-1,VisualCogA_Ta:055,F4,True,0,0,142.30563820859084,32.31860837720308,8.099043259327132,51.88067444876788,
VisualCogA_Task-1,VisualCogA_Ta:056,Fz,True,0,0,186.31265735866327,23.407339589532285,7.103630121309114,2.2735942626077303,
VisualCogA_Task-1,VisualCogA_Ta:056,F3,True,0,0,240.42114900434888,29.8161287861451,6.877399862668778,44.83100633249421,
VisualCogA_Task-1,VisualCogA_Ta:056,F4,True,0,0,228.9463645380331,27.92401007095441,9.320686655985487,40.08545052262161,
VisualCogA_Task-1,VisualCogA_Ta:057,Fz,True,0,0,125.70382238498496,24.109254596780374,7.918059052414796,5.844205386434737,
VisualCogA_Task-1,VisualCogA_Ta:057,F3,True,0,0,150.75913633936068,31.00633249408702,7.646582742046123,35.01945525291842,
VisualCogA_Task-1,VisualCogA_Ta:057,F4,True,0,0,160.31128404669266,25.39101243610287,9.501670862897486,10.330357824063412,
VisualCogA_Task-1,VisualCogA_Ta:058,Fz,True,0,0,165.86556801709014,24.048218509193475,9.049210345616814,13.19905394064233,
VisualCogA_Task-1,VisualCogA_Ta:058,F3,True,0,0,172.4879835202563,27.893492027160846,10.18036163881883,43.442435339894814,
VisualCogA_Task-1,VisualCogA_Ta:058,F4,True,0,0,193.66750591287075,25.39101243610287,10.089869535362832,3.0670634012359983,
VisualCogA_Task-1,VisualCogA_Ta:059,Fz,True,0,0,217.59365224689088,23.86511024643346,9.139702449072981,24.97901884489204,
VisualCogA_Task-1,VisualCogA_Ta:059,F3,True,0,0,488.4412909132525,33.661402304112244,12.487910276951203,322.6672770275426,
VisualCogA_Task-1,VisualCogA_Ta:059,F4,True,0,0,412.39032578011745,27.67986572060738,11.447251087205185,249.6833752956435,
VisualCogA_Task-1,VisualCogA_Ta:060,Fz,True,0,0,68.57404440375376,26.062409399557623,11.854465552758532,26.596475165941797,
VisualCogA_Task-1,VisualCogA_Ta:060,F3,True,0,0,328.70984969863434,28.442816815442143,10.813806363012176,89.69253070878159,
VisualCogA_Task-1,VisualCogA_Ta:060,F4,True,0,0,83.19218738078894,32.13550011444272,12.940370794232043,149.79781795986878,
VisualCogA_Task-1,VisualCogA_Ta:061,Fz,True,0,0,158.0529488059815,24.353398947127403,8.68724193179214,13.748378728923456,
VisualCogA_Task-1,VisualCogA_Ta:061,F3,True,0,0,277.6531624322881,29.877164873731658,13.890537880521892,94.95689326314186,
VisualCogA_Task-1,VisualCogA_Ta:061,F4,True,0,0,215.88464179446078,33.23414969100486,8.551503776607804,58.76249332417797,
VisualCogA_Task-1,VisualCogA_Ta:062,Fz,True,0,0,129.9458304722666,24.322880903333953,8.370519569695636,11.123826962691624,
VisualCogA_Task-1,VisualCogA_Ta:062,F3,True,0,0,745.2201113908598,33.23414969100463,7.782320897230459,509.9107347219043,
VisualCogA_Task-1,VisualCogA_Ta:062,F4,True,0,0,946.7612726024264,24.383916990920852,11.402005035477185,665.6443121995882,
VisualCogA_Task-1,VisualCogA_Ta:063,Fz,True,0,0,161.19630731670077,66.55985351338984,16.605300984206767,11.062790875104838,
VisualCogA_Task-1,VisualCogA_Ta:063,F3,True,0,0,816.2050812542917,135.98840314335848,42.983749141679695,85.89303425650417,
VisualCogA_Task-1,VisualCogA_Ta:063,F4,True,0,0,910.5668726634623,78.0956740672923,21.853842984664688,391.05821316853576,
VisualCogA_Task-1,VisualCogA_Ta:064,Fz,True,0,0,175.17357137407498,25.818265049210368,6.33444724193177,3.2501716639963547,
VisualCogA_Task-1,VisualCogA_Ta:064,F3,True,0,0,157.32051575494017,31.464103150987967,8.868226138704477,58.2131685358969,
VisualCogA_Task-1,VisualCogA_Ta:064,F4,True,0,0,164.00396734569324,29.663538567177852,9.365932707713487,68.8639658197909,
VisualCogA_Task-1,VisualCogA_Ta:065,Fz,True,0,0,136.9344625009536,25.726710917830133,7.28461432822145,24.093995574883706,
VisualCogA_Task-1,VisualCogA_Ta:065,F3,True,0,0,377.96597238117033,33.23414969100463,20.722691691462334,221.5457389181355,
VisualCogA_Task-1,VisualCogA_Ta:065,F4,True,0,0,488.47180895704594,31.433585107194403,17.55546807049662,233.6461432822157,
VisualCogA_Task-1,VisualCogA_Ta:066,Fz,True,0,0,133.51644159609373,28.076600289921316,11.628235294117689,18.66178377965963,
VisualCogA_Task-1,VisualCogA_Ta:066,F3,True,0,0,309.3919279774167,39.88708323796436,20.405969329366,57.00770580605786,
VisualCogA_Task-1,VisualCogA_Ta:066,F4,True,0,0,298.1307698176547,32.22705424582284,21.401382467383847,129.27443350881208,
VisualCogA_Task-1,VisualCogA_Ta:067,Fz,True,0,0,203.92156862745082,27.557793545433697,9.411178759441485,92.24078736552974,
VisualCogA_Task-1,VisualCogA_Ta:067,F3,True,0,0,224.18554970626394,40.71107042038625,10.13511558709083,50.522621499961815,
VisualCogA_Task-1,VisualCogA_Ta:067,F4,True,0,0,196.35309376668943,37.079423208972344,8.506257724879804,34.28702220187688,
VisualCogA_Task-1,VisualCogA_Ta:068,Fz,True,0,0,119.3560692759595,31.830319676508793,9.818393224994328,11.032272831311445,
VisualCogA_Task-1,VisualCogA_Ta:068,F3,True,0,0,174.6852826733807,35.248340581368666,8.55150377660848,23.758297093156273,
VisualCogA_Task-1,VisualCogA_Ta:068,F4,True,0,0,154.02456702525353,40.9857328145265,12.171187914854867,52.91828793774323,
VisualCogA_Task-1,VisualCogA_Ta:069,Fz,True,0,0,111.39085984588382,24.4144350347143,11.718727397573858,9.7810330357824,
VisualCogA_Task-1,VisualCogA_Ta:069,F3,True,0,0,176.85206378271164,37.6287479972533,8.868226138704477,67.67376211184859,
VisualCogA_Task-1,VisualCogA_Ta:069,F4,True,0,0,160.49439230945302,28.6259250782025,9.68265506980999,71.21385519188215,
VisualCogA_Task-1,VisualCogA_Ta:070,Fz,True,0,0,153.65835049973282,28.6869611657894,13.619061570153557,27.115281910429417,
VisualCogA_Task-1,VisualCogA_Ta:070,F3,True,0,0,171.755550469215,48.43213550011433,13.98102998397823,16.89173723964285,
VisualCogA_Task-1,VisualCogA_Ta:070,F4,True,0,0,240.11596856641495,35.70611123826984,14.704966811627575,117.41817349507903,
VisualCogA_Task-1,VisualCogA_Ta:071,Fz,True,0,0,155.36736095216304,24.994277866788934,12.66889448386354,8.468757152666456,
VisualCogA_Task-1,VisualCogA_Ta:071,F3,True,0,0,159.82299534599827,36.438544289310926,14.659720759899237,4.989700160219684,
VisualCogA_Task-1,VisualCogA_Ta:071,F4,True,0,0,205.0507362478064,28.931105516136313,11.085282673380512,37.384603646906385,
VisualCogA_Task-1,VisualCogA_Ta:072,Fz,True,0,0,192.1721217669948,22.308690012970146,9.049210345616814,62.51621271076522,
VisualCogA_Task-1,VisualCogA_Ta:072,F3,True,0,0,232.18127718013284,44.37323567559315,13.800045777065556,227.2373540856031,
VisualCogA_Task-1,VisualCogA_Ta:072,F4,True,0,0,303.22728313115124,31.647211413748323,19.27481803616381,264.5151445792324,
VisualCogA_Task-1,VisualCogA_Ta:073,Fz,True,0,0,151.18638895246795,21.972991531242883,10.723314259556009,29.12947280079345,
VisualCogA_Task-1,VisualCogA_Ta:073,F3,True,0,0,464.08789196612497,32.86793316548392,8.596749828336142,152.72755016403437,
VisualCogA_Task-1,VisualCogA_Ta:073,F4,True,0,0,672.3430228122377,26.153963530937517,17.41972991531262,220.93537804226753,
VisualCogA_Task-1,VisualCogA_Ta:074,Fz,True,0,0,229.5872434576944,22.522316319523952,12.03544975967053,86.6712443732356,
VisualCogA_Task-1,VisualCogA_Ta:074,F3,True,0,0,496.6811627374685,32.37964446478975,10.994790569924513,229.06843671320667,
VisualCogA_Task-1,VisualCogA_Ta:074,F4,True,0,0,636.1181048294804,29.785610742351423,14.97644312199591,262.5009536888685,
VisualCogA_Task-1,VisualCogA_Ta:075,Fz,True,0,0,100.12970168612208,22.369726100557045,10.949544518196513,26.291294728007756,
VisualCogA_Task-1,VisualCogA_Ta:075,F3,True,0,0,255.4360265506981,29.205767910277018,14.795458915083573,182.33005264362555,
VisualCogA_Task-1,VisualCogA_Ta:075,F4,True,0,0,275.30327306019694,31.830319676508793,12.668894483863706,240.66529335469602,
VisualCogA_Task-1,VisualCogA_Ta:076,Fz,True,0,0,143.7094682230869,24.475471122300974,13.347585259784884,177.05043106736866,
VisualCogA_Task-1,VisualCogA_Ta:076,F3,False,513,493,,,,,clip_or_out_of_range|flat_run
VisualCogA_Task-1,VisualCogA_Ta:076,F4,False,306,285,,,,,clip_or_out_of_range|flat_run
VisualCogA_Task-1,VisualCogA_Ta:077,Fz,True,0,0,300.8773937590603,47.058823529411825,14.750212863355575,1.480125123979576,
VisualCogA_Task-1,VisualCogA_Ta:077,F3,True,0,0,1333.6385137712673,112.00122072175168,9.954131380178495,253.94064240482186,
VisualCogA_Task-1,VisualCogA_Ta:077,F4,False,106,104,,,,,clip_or_out_of_range|flat_run
VisualCogA_Task-1,VisualCogA_Ta:078,Fz,True,0,0,125.33760585946436,25.970855268177274,5.474772259098425,55.9243152513925,
VisualCogA_Task-1,VisualCogA_Ta:078,F3,True,0,0,201.14442664225214,33.142595559624624,6.424939345387937,298.02395666437786,
VisualCogA_Task-1,VisualCogA_Ta:078,F4,True,0,0,169.95498588540477,29.358358129243925,5.610510414282424,248.554207675288,
VisualCogA_Task-1,VisualCogA_Ta:079,Fz,True,0,0,192.72144655527575,26.489662012664894,9.908885328450326,11.978332188906677,
VisualCogA_Task-1,VisualCogA_Ta:079,F3,True,0,0,229.46517128252083,41.077286945906735,11.447251087205354,154.6196688792249,
VisualCogA_Task-1,VisualCogA_Ta:079,F4,True,0,0,231.20469977874438,29.907682917524994,10.225607690547,134.5387960631723,
VisualCogA_Task-1,VisualCogA_Ta:080,Fz,True,0,0,153.23109788662566,21.21004043640812,12.66889448386354,13.595788509956492,
VisualCogA_Task-1,VisualCogA_Ta:080,F3,True,0,0,205.35591668574057,52.6131074998093,19.41055619134798,89.79934386205844,
VisualCogA_Task-1,VisualCogA_Ta:080,F4,True,0,0,154.3297474631877,32.50171663996332,11.628235294117689,70.42038605325399,
VisualCogA_Task-1,VisualCogA_Ta:081,Fz,True,0,0,118.59311818112462,23.193713282978592,20.72269169146267,22.720683604180863,
VisualCogA_Task-1,VisualCogA_Ta:081,F3,True,0,0,125.70382238498507,32.99000534065772,22.30630350194553,80.06408789196615,
VisualCogA_Task-1,VisualCogA_Ta:081,F4,True,0,0,126.98558022430768,30.5485618371863,17.691206225680787,17.34950789654374,
VisualCogA_Task-1,VisualCogA_Ta:082,Fz,True,0,0,169.19203479057,20.386053253986347,9.592162966353822,11.67315175097275,
VisualCogA_Task-1,VisualCogA_Ta:082,F3,True,0,0,398.10788128480954,33.99710078583985,23.120732433051042,218.40238040741588,
VisualCogA_Task-1,VisualCogA_Ta:082,F4,True,0,0,275.18120088502326,30.79270618753344,21.763350881208353,134.05050736247802,
VisualCogA_Task-1,VisualCogA_Ta:083,Fz,True,0,0,159.30418860151053,31.250476844434274,10.361345845731504,35.38567177843896,
VisualCogA_Task-1,VisualCogA_Ta:083,F3,True,0,0,507.8202487220568,38.81895170519556,27.690583657587787,121.93484397650104,
VisualCogA_Task-1,VisualCogA_Ta:083,F4,True,0,0,935.5916685740443,31.37254901960773,38.77586633096863,430.4875257495995,
VisualCogA_Task-1,VisualCogA_Ta:084,Fz,True,0,0,138.03311207751574,27.985046158541195,10.813806363012008,31.11314564736398,
VisualCogA_Task-1,VisualCogA_Ta:084,F3,True,0,0,695.3231097886627,35.12626840619521,10.089869535362832,356.8932631418327,
VisualCogA_Task-1,VisualCogA_Ta:084,F4,True,0,0,324.98664835584054,28.870069428549527,9.139702449073488,145.5252918287938,
VisualCogA_Task-1,VisualCogA_Ta:085,Fz,True,0,0,126.46677347981995,22.949568932631337,11.492497138933352,9.048599984740918,
VisualCogA_Task-1,VisualCogA_Ta:085,F3,True,0,0,175.60082398718248,35.614557106889606,11.854465552758025,4.4403753719386145,
VisualCogA_Task-1,VisualCogA_Ta:085,F4,True,0,0,451.9722285801481,27.80193789578084,12.62364843213537,8.2856488899061,
VisualCogA_Task-1,VisualCogA_Ta:086,Fz,True,0,0,167.94079499504073,21.271076523994907,10.180361638818999,11.886778057526499,
VisualCogA_Task-1,VisualCogA_Ta:086,F3,True,0,0,163.08842603189134,31.830319676508793,11.492497138933352,14.251926451514407,
VisualCogA_Task-1,VisualCogA_Ta:086,F4,True,0,0,194.5525291828793,29.358358129243925,10.225607690547,121.1108567940795,
VisualCogA_Task-1,VisualCogA_Ta:087,Fz,True,0,0,175.29564354924833,24.902723735408586,9.320686655985487,88.2429236285954,
VisualCogA_Task-1,VisualCogA_Ta:087,F3,False,167,158,,,,,clip_or_out_of_range|flat_run
VisualCogA_Task-1,VisualCogA_Ta:087,F4,False,13,0,,,,,clip_or_out_of_range
VisualCogA_Task-1,VisualCogA_Ta:088,Fz,True,0,0,149.87411306935223,25.116350041962278,12.12594186312653,128.95399404898149,
VisualCogA_Task-1,VisualCogA_Ta:088,F3,True,0,0,178.37796597238116,31.89135576409558,11.175774776836848,320.5157549401083,
VisualCogA_Task-1,VisualCogA_Ta:088,F4,True,0,0,168.09338521400764,26.916914625772506,9.637409018081991,340.62714579995423,
VisualCogA_Task-1,VisualCogA_Ta:089,Fz,True,0,0,142.03097581445036,32.22705424582273,7.646582742046123,27.450980392156794,
VisualCogA_Task-1,VisualCogA_Ta:089,F3,True,0,0,132.2041657129779,36.8352788586252,11.763973449302027,204.4861524376288,
VisualCogA_Task-1,VisualCogA_Ta:089,F4,True,0,0,151.9798580910964,37.018387121385445,9.501670862897823,137.56008239871824,
VisualCogA_Task-1,VisualCogA_Ta:090,Fz,True,0,0,251.62127107652407,25.879301136797153,9.139702449072981,43.625543602655,
VisualCogA_Task-1,VisualCogA_Ta:090,F3,True,0,0,996.7193102922104,33.72243839169914,64.65660791943239,49.30189974822622,
VisualCogA_Task-1,VisualCogA_Ta:090,F4,True,0,0,839.4598306248569,46.29587243457706,48.59425955596212,54.55100328068977,
VisualCogA_Task-1,VisualCogA_Ta:091,Fz,True,0,0,75.98992904554814,23.83459220263967,12.125941863126867,34.74479285877783,
VisualCogA_Task-1,VisualCogA_Ta:091,F3,True,0,0,166.72007324330502,33.173113603418074,10.270853742275,209.79629205767918,
VisualCogA_Task-1,VisualCogA_Ta:091,F4,True,0,0,212.3140306706341,24.65857938506133,6.696415655756611,209.49111161974525,
VisualCogA_Task-1,VisualCogA_Ta:092,Fz,True,0,0,181.03303578240627,22.156099794003126,5.881986724650929,12.466620889600904,
VisualCogA_Task-1,VisualCogA_Ta:092,F3,True,0,0,170.6874189364462,41.26039520866709,12.985616845960044,73.04493781948577,
VisualCogA_Task-1,VisualCogA_Ta:092,F4,True,0,0,189.15083543144874,28.259708552681786,8.506257724879804,75.57793545433731,
VisualCogA_Task-1,VisualCogA_Ta:093,Fz,True,0,0,123.07927061875318,31.952391851682364,8.506257724879804,12.466620889600904,
VisualCogA_Task-1,VisualCogA_Ta:093,F3,True,0,0,143.0685893034256,43.671320668345174,9.592162966353822,12.161440451667033,
VisualCogA_Task-1,VisualCogA_Ta:093,F4,True,0,0,135.7747768368049,38.910505836575794,7.3298603799496185,20.431830319676465,
VisualCogA_Task-1,VisualCogA_Ta:094,Fz,True,0,0,141.87838559548322,25.696192874036683,8.415765621423636,2.4567025253680868,
VisualCogA_Task-1,VisualCogA_Ta:094,F3,True,0,0,279.4842450598918,30.823224231326776,8.506257724880141,165.5146105134662,
VisualCogA_Task-1,VisualCogA_Ta:094,F4,True,0,0,134.7066453040361,27.862973983367965,11.175774776836848,52.445258258945614,
VisualCogA_Task-1,VisualCogA_Ta:095,Fz,True,0,0,133.6385137712673,36.499580376897825,8.73248798352031,12.283512626840547,
VisualCogA_Task-1,VisualCogA_Ta:095,F3,True,0,0,125.03242542153055,36.92683299000532,9.411178759441654,25.040054932478824,
VisualCogA_Task-1,VisualCogA_Ta:095,F4,True,0,0,156.4660105287253,44.67841611352719,10.451837949187672,12.069886320286855,
VisualCogA_Task-1,VisualCogA_Ta:096,Fz,True,0,0,201.72426947432677,23.712520027466553,5.74624856946676,22.842755779354434,
VisualCogA_Task-1,VisualCogA_Ta:096,F3,True,0,0,605.4169527733271,33.356221866178316,19.048587777523643,64.74402990768294,
VisualCogA_Task-1,VisualCogA_Ta:096,F4,True,0,0,613.9620050354772,33.81399252307915,16.650547035934938,120.56153200579843,
VisualCogA_Task-1,VisualCogA_Ta:097,Fz,True,0,0,509.2851148241399,27.06950484473964,15.655133897917088,57.09925993743809,
VisualCogA_Task-1,VisualCogA_Ta:097,F3,True,0,0,1202.410925459678,48.279545281147534,52.983126573586524,51.712825207904245,
VisualCogA_Task-1,VisualCogA_Ta:097,F4,True,0,0,701.6098268101016,30.4875257495994,37.64471503776594,271.4427405203327,
VisualCogA_Task-1,VisualCogA_Ta:098,Fz,True,0,0,213.2295719844359,27.435721370260126,7.103630121309451,41.70290684367137,
VisualCogA_Task-1,VisualCogA_Ta:098,F3,True,0,0,225.77248798352025,28.381780727855357,9.320686655985318,261.03608758678564,
VisualCogA_Task-1,VisualCogA_Ta:098,F4,True,0,0,229.3125810635538,35.828183413443185,8.551503776607973,186.9687953002213,
VisualCogA_Task-1,VisualCogA_Ta:099,Fz,True,0,0,120.57679102769498,28.015564202334645,8.868226138704477,4.623483634698971,
VisualCogA_Task-1,VisualCogA_Ta:099,F3,True,0,0,168.42908369573513,43.97650110627899,10.723314259556009,69.44380865186537,
VisualCogA_Task-1,VisualCogA_Ta:099,F4,True,0,0,133.42488746471338,29.938200961318444,17.872190432593122,66.26993209735258,
VisualCogA_Task-2,VisualCogA_Ta:000,Fz,True,0,0,361.97451743343254,18.86015106431671,5.791494621194761,138.7960631723506,
VisualCogA_Task-2,VisualCogA_Ta:000,F3,True,0,0,558.4191653315024,33.53933012893867,7.3751064316777875,78.96543831540401,
VisualCogA_Task-2,VisualCogA_Ta:000,F4,True,0,0,617.6852063782711,19.256885633630873,6.424939345387937,165.3467612726024,
VisualCogA_Task-2,VisualCogA_Ta:001,Fz,True,0,0,244.02227817196922,19.867246509498614,22.939748226138537,25.162127107652395,
VisualCogA_Task-2,VisualCogA_Ta:001,F3,True,0,0,473.8536659800109,33.78347447928559,40.49521629663549,187.76226443884946,
VisualCogA_Task-2,VisualCogA_Ta:001,F4,True,0,0,481.42214084077216,25.970855268177274,45.472281986724575,173.41878385595493,
VisualCogA_Task-2,VisualCogA_Ta:002,Fz,True,0,0,356.11505302510125,15.869382772564222,11.492497138933185,68.19256885633638,
VisualCogA_Task-2,VisualCogA_Ta:002,F3,True,0,0,459.57122148470285,29.877164873731545,12.035449759670193,47.86755168993682,
VisualCogA_Task-2,VisualCogA_Ta:002,F4,True,0,0,501.9302662699322,23.285267414358827,11.356758983749184,122.46890974288544,
VisualCogA_Task-2,VisualCogA_Ta:003,Fz,True,0,0,121.4923323414971,16.54077973601875,12.985616845959875,105.66872663462277,
VisualCogA_Task-2,VisualCogA_Ta:003,F3,True,0,0,148.25665674830248,32.65430685893034,13.709553673609557,33.24940871290164,
VisualCogA_Task-2,VisualCogA_Ta:003,F4,True,0,0,158.9990081635765,20.630197604333716,16.017102311741592,85.77096208133048,
VisualCogA_Task-2,VisualCogA_Ta:004,Fz,True,0,0,330.57145037003113,22.583352407110738,18.91284962233914,293.14106965743497,
VisualCogA_Task-2,VisualCogA_Ta:004,F3,True,0,0,494.6059357595178,34.668497749294374,17.148253604943946,512.2911421377889,
VisualCogA_Task-2,VisualCogA_Ta:004,F4,True,0,0,469.85580224307637,21.149004348821222,14.795458915083573,377.15724422064545,
VisualCogA_Task-2,VisualCogA_Ta:005,Fz,True,0,0,412.39032578011756,18.127718013275626,27.238123140306776,73.86892500190743,
VisualCogA_Task-2,VisualCogA_Ta:005,F3,True,0,0,432.3186083772032,30.182345311665358,36.920778210116765,37.81185626001371,
VisualCogA_Task-2,VisualCogA_Ta:005,F4,True,0,0,505.04310673685825,23.89562829022657,38.77586633096847,10.543984130617162,
VisualCogA_Task-2,VisualCogA_Ta:006,Fz,True,0,0,319.3713282978563,16.60181582360576,5.1580498970014155,51.16350041962312,
VisualCogA_Task-2,VisualCogA_Ta:006,F3,True,0,0,528.3283741512168,31.86083772030213,6.153463035019433,48.950942244602174,
VisualCogA_Task-2,VisualCogA_Ta:006,F4,True,0,0,506.5690089265278,21.63729304951562,5.927232776379097,46.82993820096135,
VisualCogA_Task-2,VisualCogA_Ta:007,Fz,True,0,0,277.47005416952777,18.677042801556354,9.501670862897655,25.48256656748299,
VisualCogA_Task-2,VisualCogA_Ta:007,F3,True,0,0,331.4564736400397,32.593270771343555,13.800045777065556,126.72617685206376,
VisualCogA_Task-2,VisualCogA_Ta:007,F4,True,0,0,410.68131532768757,20.569161516746817,9.546916914625653,16.35767147325862,
VisualCogA_Task-2,VisualCogA_Ta:008,Fz,True,0,0,208.01098649576568,22.79697871366443,8.415765621423636,94.46860456244758,
VisualCogA_Task-2,VisualCogA_Ta:008,F3,True,0,0,275.7000076295109,29.26680399786369,11.537743190661521,297.9934386205845,
VisualCogA_Task-2,VisualCogA_Ta:008,F4,True,0,0,301.8234531166552,30.4875257495994,8.641995880063972,186.84672312504773,
VisualCogA_Task-2,VisualCogA_Ta:009,Fz,True,0,0,228.27496757457845,18.64652475776313,4.931819638361079,162.75272755016402,
VisualCogA_Task-2,VisualCogA_Ta:009,F3,True,0,0,395.66643778133823,28.137636377508215,10.723314259555924,346.6239414053559,
VisualCogA_Task-2,VisualCogA_Ta:009,F4,True,0,0,375.219348439765,20.35553521019301,5.384280155642088,314.7936217288472,
VisualCogA_Task-2,VisualCogA_Ta:010,Fz,True,0,0,393.53017471580085,18.158236057068734,9.908885328450832,144.94544899671928,
VisualCogA_Task-2,VisualCogA_Ta:010,F3,True,0,0,616.189822232395,33.29518577859176,7.827566948958459,94.40756847486091,
VisualCogA_Task-2,VisualCogA_Ta:010,F4,True,0,0,539.6200503547724,22.21713588159014,8.099043259327132,132.37201495384147,
VisualCogA_Task-2,VisualCogA_Ta:011,Fz,True,0,0,448.31006332494087,21.69832913710229,16.243332570382094,433.8902876325627,
VisualCogA_Task-2,VisualCogA_Ta:011,F3,True,0,0,750.3776607919432,31.982909895475814,9.908885328450495,704.0512703135729,
VisualCogA_Task-2,VisualCogA_Ta:011,F4,True,0,0,665.0186923018234,25.54360265506989,9.68265506980999,580.0869764248112,
VisualCogA_Task-2,VisualCogA_Ta:012,Fz,True,0,0,202.33463035019452,17.792019531547908,5.067557793545415,53.20820935378043,
VisualCogA_Task-2,VisualCogA_Ta:012,F3,True,0,0,349.76729991607533,26.88639658197917,8.370519569695636,207.53795681696812,
VisualCogA_Task-2,VisualCogA_Ta:012,F4,True,0,0,410.0709544518195,21.69832913710229,9.592162966353822,101.731898985275,
VisualCogA_Task-2,VisualCogA_Ta:013,Fz,True,0,0,847.608148317693,41.16884107728674,34.70372167544056,43.701838712138624,
VisualCogA_Task-2,VisualCogA_Ta:013,F3,True,0,0,777.3861295490959,61.52437628747998,19.953508812085158,127.16868848706798,
VisualCogA_Task-2,VisualCogA_Ta:013,F4,True,0,0,883.9246204318305,69.24544136720829,38.685374227511794,33.95132372014956,
VisualCogA_Task-2,VisualCogA_Ta:014,Fz,True,0,0,216.3118944075684,19.13481345845753,15.202673380636247,64.0726329442283,
VisualCogA_Task-2,VisualCogA_Ta:014,F3,True,0,0,234.19546807049664,27.92401007095441,17.91743648432129,61.234454871442836,
VisualCogA_Task-2,VisualCogA_Ta:014,F4,True,0,0,265.96475165941877,23.16319523918503,10.67806820782784,0.0915541313801782,
VisualCogA_Task-2,VisualCogA_Ta:015,Fz,True,0,0,455.6038757915617,15.167467765316474,11.085282673380512,12.970168612191912,
VisualCogA_Task-2,VisualCogA_Ta:015,F3,True,0,0,928.8166628519111,29.205767910277018,10.089869535362832,60.090028229190466,
VisualCogA_Task-2,VisualCogA_Ta:015,F4,True,0,0,626.1692225528342,21.210040436408008,10.994790569924513,22.99534599832151,
VisualCogA_Task-2,VisualCogA_Ta:016,Fz,True,0,0,585.5191882200351,19.25688563363076,24.342375829709397,5.752651255054559,
VisualCogA_Task-2,VisualCogA_Ta:016,F3,True,0,0,830.4264896620127,24.933241779202035,30.043378347447987,25.833524071107092,
VisualCogA_Task-2,VisualCogA_Ta:016,F4,True,0,0,763.0426489662015,18.127718013275285,34.070276951247386,63.81322957198444,
VisualCogA_Task-2,VisualCogA_Ta:017,Fz,True,0,0,720.988784618906,16.357671473258506,23.889915312428386,38.757915617609,
VisualCogA_Task-2,VisualCogA_Ta:017,F3,True,0,0,708.4763866636149,24.71961547264823,30.586330968185,128.7861448081178,
VisualCogA_Task-2,VisualCogA_Ta:017,F4,True,0,0,809.7047379262989,20.14190890363932,24.794836346990067,46.17380025940332,
VisualCogA_Task-2,VisualCogA_Ta:018,Fz,True,0,0,353.1548027771421,14.526588845655056,14.07152208743406,62.07370107576105,
VisualCogA_Task-2,VisualCogA_Ta:018,F3,True,0,0,681.4373998626687,22.919050888838,43.662439917601375,273.7315938048372,
VisualCogA_Task-2,VisualCogA_Ta:018,F4,True,0,0,504.06652933546945,23.956664377813468,21.582366674296015,181.8265049210346,
VisualCogA_Task-2,VisualCogA_Ta:019,Fz,True,0,0,258.60990310521083,15.10643167772946,8.099043259327132,136.7208361943999,
VisualCogA_Task-2,VisualCogA_Ta:019,F3,True,0,0,309.9412527656975,29.84664682993821,10.361345845731167,174.54795147631035,
VisualCogA_Task-2,VisualCogA_Ta:019,F4,True,0,0,369.84817273212775,27.038986800946077,8.64199588006414,109.69710841535061,
VisualCogA_Task-2,VisualCogA_Ta:020,Fz,True,0,0,215.33531700617993,19.07377737087063,5.33903410391392,133.50118257419695,
VisualCogA_Task-2,VisualCogA_Ta:020,F3,True,0,0,406.19516289005867,38.81895170519567,9.049210345616814,354.2992294193941,
VisualCogA_Task-2,VisualCogA_Ta:020,F4,True,0,0,373.8765545128556,22.461280231937053,8.2800274662393,173.29671168078136,
VisualCogA_Task-2,VisualCogA_Ta:021,Fz,True,0,0,875.3185320820935,13.977264057373986,40.042755779354486,28.595407034409106,
VisualCogA_Task-2,VisualCogA_Ta:021,F3,True,0,0,668.7724116884108,28.87006942854964,32.803387502861035,246.99778744182504,
VisualCogA_Task-2,VisualCogA_Ta:021,F4,True,0,0,867.9331654840926,25.146868085755614,37.10176241702894,118.974593728542,
VisualCogA_Task-2,VisualCogA_Ta:022,Fz,True,0,0,707.1641107804988,15.106431677729688,19.320064087891982,238.46799420157174,
VisualCogA_Task-2,VisualCogA_Ta:022,F3,True,0,0,811.6273746852827,22.980086976424673,45.60802014190891,243.6255436026551,
VisualCogA_Task-2,VisualCogA_Ta:022,F4,True,0,0,847.8217746242466,20.14190890363932,40.94767681391633,365.23994811932556,
VisualCogA_Task-2,VisualCogA_Ta:023,Fz,True,0,0,130.83085374227517,16.357671473258506,6.922645914397115,104.90577553978801,
VisualCogA_Task-2,VisualCogA_Ta:023,F3,True,0,0,155.3368429083696,33.2951857785913,6.153463035019433,117.93698023956665,
VisualCogA_Task-2,VisualCogA_Ta:023,F4,True,0,0,157.16792553597315,19.83672846570539,6.24395513847577,71.4274814984359,
VisualCogA_Task-2,VisualCogA_Ta:024,Fz,True,0,0,273.0144197756923,19.928282597085627,8.325273517967469,52.10955977721824,
VisualCogA_Task-2,VisualCogA_Ta:024,F3,True,0,0,369.4514381628137,26.8253604943925,14.342998397802566,183.82543678950185,
VisualCogA_Task-2,VisualCogA_Ta:024,F4,True,0,0,418.4328984512092,19.562066071564686,13.48332341496922,55.863279163805714,
VisualCogA_Task-2,VisualCogA_Ta:025,Fz,True,0,0,252.10955977721835,23.346303501945386,7.737074845502291,12.86335545891501,
VisualCogA_Task-2,VisualCogA_Ta:025,F3,True,0,0,326.93980315861756,34.2717631799801,8.008551155870796,163.19523918516836,
VisualCogA_Task-2,VisualCogA_Ta:025,F4,True,0,0,310.5210955977723,30.975814450293456,7.69182879377446,90.40970473792618,
VisualCogA_Task-2,VisualCogA_Ta:026,Fz,True,0,0,365.69771877622634,17.425803006027422,12.125941863126698,62.348363469901585,
VisualCogA_Task-2,VisualCogA_Ta:026,F3,True,0,0,808.148317692836,26.794842450598935,40.22373998626682,101.27412832837416,
VisualCogA_Task-2,VisualCogA_Ta:026,F4,True,0,0,611.1543450064852,24.414435034714188,24.342375829709226,5.889982452124798,
VisualCogA_Task-2,VisualCogA_Ta:027,Fz,True,0,0,236.5148393987945,15.930418860151008,5.701002517738761,120.18005645838105,
VisualCogA_Task-2,VisualCogA_Ta:027,F3,True,0,0,307.1030746929122,32.715342946517126,11.537743190661352,107.28618295567253,
VisualCogA_Task-2,VisualCogA_Ta:027,F4,True,0,0,298.80216678110946,23.52941176470597,6.78690775921261,45.1209277485313,
VisualCogA_Task-2,VisualCogA_Ta:028,Fz,True,0,0,519.4171053635462,17.761501487754572,12.306926070038866,76.0051880674448,
VisualCogA_Task-2,VisualCogA_Ta:028,F3,True,0,0,988.08270389868,24.414435034714188,46.286710917830256,104.89051651789117,
VisualCogA_Task-2,VisualCogA_Ta:028,F4,True,0,0,834.882124055848,20.141908903639433,26.60467841611343,16.83070115205618,
VisualCogA_Task-2,VisualCogA_Ta:029,Fz,True,0,0,560.3723201342794,16.87647821774624,53.93329365987638,391.0734721904326,
VisualCogA_Task-2,VisualCogA_Ta:029,F3,False,102,0,,,,,clip_or_out_of_range
VisualCogA_Task-2,VisualCogA_Ta:029,F4,True,0,0,745.1590753032731,23.468375677119127,86.87241931792158,477.2564278629739,
VisualCogA_Task-2,VisualCogA_Ta:030,Fz,True,0,0,631.0215915159838,24.35339894712729,27.69058365758745,73.28908216983291,
VisualCogA_Task-2,VisualCogA_Ta:030,F3,True,0,0,1323.598077363241,49.073014419775745,31.988958571755184,260.63935301747154,
VisualCogA_Task-2,VisualCogA_Ta:030,F4,True,0,0,776.5926604104675,38.14755474174103,29.500425726710812,104.99732967116825,
VisualCogA_Task-2,VisualCogA_Ta:031,Fz,True,0,0,175.02098115510807,16.90699626153969,17.781698329136955,167.62035553521025,
VisualCogA_Task-2,VisualCogA_Ta:031,F3,True,0,0,279.17906462195765,29.236285954070127,9.773147173266159,312.97779812314025,
VisualCogA_Task-2,VisualCogA_Ta:031,F4,True,0,0,192.84351873044943,26.092927443351073,18.007928587777627,164.81269550621812,
VisualCogA_Task-2,VisualCogA_Ta:032,Fz,True,0,0,881.3611047531854,16.510261692225527,47.010647745479595,592.1263447013047,
VisualCogA_Task-2,VisualCogA_Ta:032,F3,False,336,332,,,,,clip_or_out_of_range|flat_run
VisualCogA_Task-2,VisualCogA_Ta:032,F4,True,0,0,952.1019302662698,22.09506370641634,35.33716639963391,691.1116197451743,
VisualCogA_Task-2,VisualCogA_Ta:033,Fz,True,0,0,979.3850614175633,17.608911268787665,5.972478828107096,177.8744182497902,
VisualCogA_Task-2,VisualCogA_Ta:033,F3,False,100,98,,,,,clip_or_out_of_range|flat_run
VisualCogA_Task-2,VisualCogA_Ta:033,F4,False,2,0,,,,,clip_or_out_of_range
VisualCogA_Task-2,VisualCogA_Ta:034,Fz,True,0,0,150.30136568245985,16.815442130159227,8.958718242160476,152.63599603265413,
VisualCogA_Task-2,VisualCogA_Ta:034,F3,True,0,0,168.55115587090881,24.292362859540845,8.958718242160813,208.51453421835663,
VisualCogA_Task-2,VisualCogA_Ta:034,F4,True,0,0,154.20767528801412,14.61814297703495,9.954131380178495,126.29892423895626,
VisualCogA_Task-2,VisualCogA_Ta:035,Fz,True,0,0,124.08636606393543,17.700465400168014,10.813806363012176,119.49340047302974,
VisualCogA_Task-2,VisualCogA_Ta:035,F3,True,0,0,124.26947432669567,32.41016250858297,10.994790569924513,218.2803082322422,
VisualCogA_Task-2,VisualCogA_Ta:035,F4,True,0,0,115.5718318455788,19.836728465705164,8.370519569696143,84.76386663614858,
VisualCogA_Task-2,VisualCogA_Ta:036,Fz,True,0,0,386.32791638056017,21.94247348744932,12.714140535591875,200.76295109483476,
VisualCogA_Task-2,VisualCogA_Ta:036,F3,True,0,0,906.1112382696269,36.04180971999699,47.01064774547943,464.63721675440604,
VisualCogA_Task-2,VisualCogA_Ta:036,F4,True,0,0,563.912413214313,22.217135881590025,23.256470588235377,308.1864652475777,
VisualCogA_Task-2,VisualCogA_Ta:037,Fz,True,0,0,168.00183108262752,16.723887998779446,12.12594186312636,19.516289005874683,
VisualCogA_Task-2,VisualCogA_Ta:037,F3,True,0,0,257.17555504692166,22.552834363317515,10.63282215609984,77.59212634470134,
VisualCogA_Task-2,VisualCogA_Ta:037,F4,True,0,0,237.27779049362948,24.35339894712763,8.099043259327132,9.597924773022044,
VisualCogA_Task-2,VisualCogA_Ta:038,Fz,True,0,0,572.6100556954298,20.50812542916003,8.1895353627833,147.4479285877776,
VisualCogA_Task-2,VisualCogA_Ta:038,F3,False,45,22,,,,,clip_or_out_of_range|flat_run
VisualCogA_Task-2,VisualCogA_Ta:038,F4,True,0,0,716.9909208819714,22.461280231937167,12.442664225223202,190.92088197146563,
VisualCogA_Task-2,VisualCogA_Ta:039,Fz,True,0,0,401.03761348897547,22.644388494697523,6.922645914396947,151.65941863126574,
VisualCogA_Task-2,VisualCogA_Ta:039,F3,True,0,0,705.6992446784161,24.292362859540958,33.210601968413876,151.949340047303,
VisualCogA_Task-2,VisualCogA_Ta:039,F4,True,0,0,535.7442587930112,17.669947356374564,6.017724879835097,277.3632410162509,
VisualCogA_Task-2,VisualCogA_Ta:040,Fz,True,0,0,735.7289997711148,24.353398947127573,8.099043259327132,132.38727397573814,
VisualCogA_Task-2,VisualCogA_Ta:040,F3,False,107,64,,,,,clip_or_out_of_range|flat_run
VisualCogA_Task-2,VisualCogA_Ta:040,F4,True,0,0,837.6287479972534,21.271076523994907,8.008551155870796,218.4176394293126,
VisualCogA_Task-2,VisualCogA_Ta:041,Fz,True,0,0,292.8206301976044,16.815442130159227,6.33444724193177,118.95933470664534,
VisualCogA_Task-2,VisualCogA_Ta:041,F3,True,0,0,578.1033035782407,23.987182421606803,6.651169604028442,255.02403295948739,
VisualCogA_Task-2,VisualCogA_Ta:041,F4,True,0,0,376.1348897535669,19.623102159151586,4.615097276264743,150.82017242694735,
VisualCogA_Task-2,VisualCogA_Ta:042,Fz,True,0,0,862.8976882581826,17.486839093614208,37.87094529640645,100.41962310215911,
VisualCogA_Task-2,VisualCogA_Ta:042,F3,True,0,0,806.4393072404058,25.757228961623582,38.14242160677512,227.2373540856031,
VisualCogA_Task-2,VisualCogA_Ta:042,F4,False,28,15,,,,,clip_or_out_of_range|flat_run
VisualCogA_Task-2,VisualCogA_Ta:043,Fz,True,0,0,246.95201037613492,18.43289845120944,10.451837949187503,230.91477836270712,
VisualCogA_Task-2,VisualCogA_Ta:043,F3,True,0,0,307.9575799191274,28.87006942854987,20.179739070725493,73.89944304570076,
VisualCogA_Task-2,VisualCogA_Ta:043,F4,True,0,0,419.8977645532923,19.65362020294492,8.370519569695468,107.28618295567264,
VisualCogA_Task-2,VisualCogA_Ta:044,Fz,True,0,0,623.6362249179828,20.569161516746703,44.34113069352272,561.4862287327383,
VisualCogA_Task-2,VisualCogA_Ta:044,F3,True,0,0,970.0770580605786,21.576256961928834,91.98522316319533,249.92751964599074,
VisualCogA_Task-2,VisualCogA_Ta:044,F4,False,80,0,,,,,clip_or_out_of_range
VisualCogA_Task-2,VisualCogA_Ta:045,Fz,True,0,0,281.6510261692225,18.799114976729925,16.876777294575273,17.898832684824868,
VisualCogA_Task-2,VisualCogA_Ta:045,F3,True,0,0,523.2013427939269,34.668497749294374,31.98895857175535,32.776379034104025,
VisualCogA_Task-2,VisualCogA_Ta:045,F4,True,0,0,379.88860914015424,18.95170519569706,9.049210345616814,87.81567101548796,
VisualCogA_Task-2,VisualCogA_Ta:046,Fz,True,0,0,197.8789959563593,13.855191882200415,8.958718242160813,160.54016937514314,
VisualCogA_Task-2,VisualCogA_Ta:046,F3,True,0,0,417.66994735637445,22.064545662622777,13.800045777065725,6.9733730067902115,
VisualCogA_Task-2,VisualCogA_Ta:046,F4,True,0,0,413.8551918822003,16.510261692225413,12.17118791485453,244.6173800259404,
VisualCogA_Task-2,VisualCogA_Ta:047,Fz,True,0,0,178.13382162203402,19.501029983978015,10.813806363012008,57.17555504692149,
VisualCogA_Task-2,VisualCogA_Ta:047,F3,True,0,0,384.25268940260935,23.407339589532285,38.640128175783964,97.64248111696043,
VisualCogA_Task-2,VisualCogA_Ta:047,F4,True,0,0,273.6552986953536,24.8416876478218,20.677445639734334,60.10528725108719,
VisualCogA_Task-2,VisualCogA_Ta:048,Fz,True,0,0,594.0642404821853,19.806210421911942,9.863639276722326,304.2801556420234,
VisualCogA_Task-2,VisualCogA_Ta:048,F3,True,0,0,717.723353933013,23.3463035019455,35.38241245136191,9.552147707331926,
VisualCogA_Task-2,VisualCogA_Ta:048,F4,True,0,0,820.4470893415732,19.01274128328373,44.56736095216289,402.28885328450446,
VisualCogA_Task-2,VisualCogA_Ta:049,Fz,True,0,0,338.68925001907405,19.501029983978015,9.32068665598515,22.99534599832151,
VisualCogA_Task-2,VisualCogA_Ta:049,F3,True,0,0,838.0254825665673,27.435721370260126,10.22560769054683,203.99786373693445,
VisualCogA_Task-2,VisualCogA_Ta:049,F4,True,0,0,613.9925230792707,21.69832913710229,10.859052414740177,41.47402151522084,
VisualCogA_Task-2,VisualCogA_Ta:050,Fz,True,0,0,417.79201953154814,57.64858472571905,11.582989242389521,167.07103074692913,
VisualCogA_Task-2,VisualCogA_Ta:050,F3,True,0,0,944.0451667048144,136.17151140611873,81.80486152437616,129.9610894941634,
VisualCogA_Task-2,VisualCogA_Ta:050,F4,True,0,0,881.5136949721523,75.83733882658123,23.935161364156386,314.9309529259175,
VisualCogA_Task-2,VisualCogA_Ta:051,Fz,True,0,0,667.460135805295,19.1958495460442,25.383035019455246,173.0830853742276,
VisualCogA_Task-2,VisualCogA_Ta:051,F3,True,0,0,324.1626611734189,27.557793545433697,10.542330052643504,271.4274814984359,
VisualCogA_Task-2,VisualCogA_Ta:051,F4,True,0,0,649.5460440985731,24.231326771953718,16.198086518654097,56.183718623636196,
VisualCogA_Task-2,VisualCogA_Ta:052,Fz,True,0,0,210.3303578240633,16.784924086366118,10.270853742275,20.004577706568966,
VisualCogA_Task-2,VisualCogA_Ta:052,F3,True,0,0,418.03616388189516,24.750133516441565,5.203295948729415,96.14709697108435,
VisualCogA_Task-2,VisualCogA_Ta:052,F4,True,0,0,278.9654383154042,23.86511024643346,11.085282673380512,130.41886015106434,
VisualCogA_Task-2,VisualCogA_Ta:053,Fz,True,0,0,556.1608300907913,19.378957808804216,16.695793087663105,135.08812085145343,
VisualCogA_Task-2,VisualCogA_Ta:053,F3,True,0,0,761.852445258259,22.888532845044892,38.45914396887146,221.39314869916848,
VisualCogA_Task-2,VisualCogA_Ta:053,F4,True,0,0,877.912565804532,19.65362020294515,32.07945067521169,162.1881437399863,
VisualCogA_Task-2,VisualCogA_Ta:054,Fz,True,0,0,594.0337224383916,17.66994735637445,21.310890363927847,357.9461356527046,
VisualCogA_Task-2,VisualCogA_Ta:054,F3,True,0,0,952.4376287479973,20.447089341573474,67.46186312657359,83.4210727092393,
VisualCogA_Task-2,VisualCogA_Ta:054,F4,True,0,0,853.5591668574043,20.080872816052533,74.61073929961088,416.6170748455024,
VisualCogA_Task-2,VisualCogA_Ta:055,Fz,True,0,0,309.1172655832761,14.831769283588983,6.33444724193177,60.24261844815749,
VisualCogA_Task-2,VisualCogA_Ta:055,F3,True,0,0,669.9626153963529,17.18165865567994,7.827566948958628,28.061341268024762,
VisualCogA_Task-2,VisualCogA_Ta:055,F4,True,0,0,471.4427405203327,19.501029983978015,8.868226138704477,124.31525139238573,
VisualCogA_Task-2,VisualCogA_Ta:056,Fz,True,0,0,196.1089494163425,26.062409399557396,6.877399862668778,3.4027618829633184,
VisualCogA_Task-2,VisualCogA_Ta:056,F3,True,0,0,243.4424353398948,33.112077515831515,5.972478828107096,89.66201266498808,
VisualCogA_Task-2,VisualCogA_Ta:056,F4,True,0,0,261.2954909590296,18.95170519569683,8.144289311055132,34.927901121538184,
VisualCogA_Task-2,VisualCogA_Ta:057,Fz,True,0,0,357.824063477531,20.17242694743254,10.723314259556009,14.389257648584646,
VisualCogA_Task-2,VisualCogA_Ta:057,F3,True,0,0,420.93537804226753,20.050354772259197,14.840704966811574,201.09864957656202,
VisualCogA_Task-2,VisualCogA_Ta:057,F4,True,0,0,526.7109178301672,19.07377737087063,13.709553673609557,150.5760280766002,
VisualCogA_Task-2,VisualCogA_Ta:058,Fz,True,0,0,401.2207217517357,21.087968261234437,5.610510414282424,22.171358815899964,
VisualCogA_Task-2,VisualCogA_Ta:058,F3,True,0,0,790.3257801174943,25.66567483024346,6.786907759212442,174.517433432517,
VisualCogA_Task-2,VisualCogA_Ta:058,F4,True,0,0,683.4515907530329,23.83459220263967,7.148876173037114,125.62752727550162,
VisualCogA_Task-2,VisualCogA_Ta:059,Fz,True,0,0,315.80071717402905,20.904859998473967,7.646582742046123,85.25215533684292,
VisualCogA_Task-2,VisualCogA_Ta:059,F3,True,0,0,737.926298924239,28.747997253376298,22.66827191577037,46.021210040436415,
VisualCogA_Task-2,VisualCogA_Ta:059,F4,True,0,0,484.5349813076982,23.95666437781324,7.556090638590123,67.06340123598073,
VisualCogA_Task-2,VisualCogA_Ta:060,Fz,True,0,0,234.8058289463646,19.01274128328373,10.72331425955584,206.31723506523235,
VisualCogA_Task-2,VisualCogA_Ta:060,F3,True,0,0,618.692301823453,20.294499122606226,10.72331425955584,351.9493400473029,
VisualCogA_Task-2,VisualCogA_Ta:060,F4,True,0,0,363.5004196231022,19.80621042191183,36.37782558937976,263.21812771801325,
VisualCogA_Task-2,VisualCogA_Ta:061,Fz,True,0,0,850.5683985656519,16.571297779812312,19.90826276035699,445.73128862439916,
VisualCogA_Task-2,VisualCogA_Ta:061,F3,False,5,0,,,,,clip_or_out_of_range
VisualCogA_Task-2,VisualCogA_Ta:061,F4,True,0,0,1036.9726100556954,21.271076523994793,31.89846646829935,481.9562066071564,
VisualCogA_Task-2,VisualCogA_Ta:062,Fz,True,0,0,571.3282978561074,20.019836728465634,15.293165484092414,359.2584115358205,
VisualCogA_Task-2,VisualCogA_Ta:062,F3,False,111,103,,,,,clip_or_out_of_range|flat_run
VisualCogA_Task-2,VisualCogA_Ta:062,F4,True,0,0,887.6478217746243,23.651483939879427,41.173907072556666,510.1396200503548,
VisualCogA_Task-2,VisualCogA_Ta:063,Fz,True,0,0,514.5647364003968,18.24979018844897,25.20205081254291,26.87113756008239,
VisualCogA_Task-2,VisualCogA_Ta:063,F3,True,0,0,579.53765163653,23.98718242160669,42.62178072785536,107.74395361257342,
VisualCogA_Task-2,VisualCogA_Ta:063,F4,True,0,0,716.4110780498971,20.325017166399675,44.25063859006639,58.655680170901064,
VisualCogA_Task-2,VisualCogA_Ta:064,Fz,True,0,0,202.18204013122772,15.014877546349453,59.317573815518635,30.518043793392735,
VisualCogA_Task-2,VisualCogA_Ta:064,F3,True,0,0,428.2902265964751,24.414435034714415,84.42913252460521,111.49767299916084,
VisualCogA_Task-2,VisualCogA_Ta:064,F4,True,0,0,289.677271686885,19.836728465705278,69.4979354543373,16.64759288929588,
VisualCogA_Task-2,VisualCogA_Ta:065,Fz,True,0,0,219.97405966277574,18.18875410086207,14.840704966811574,235.21782253757544,
VisualCogA_Task-2,VisualCogA_Ta:065,F3,True,0,0,185.70229648279542,18.860151064316824,11.944957656214193,15.884641794460947,
VisualCogA_Task-2,VisualCogA_Ta:065,F4,True,0,0,264.25574120698843,17.79201953154802,12.306926070038866,293.8735027084765,
VisualCogA_Task-2,VisualCogA_Ta:066,Fz,True,0,0,578.5610742351414,18.18875410086207,25.292542915999245,127.26024261844816,
VisualCogA_Task-2,VisualCogA_Ta:066,F3,True,0,0,834.3022812237737,17.486839093614208,67.46186312657376,218.08194094758517,
VisualCogA_Task-2,VisualCogA_Ta:066,F4,True,0,0,764.8737315938049,22.095063706416454,51.53525291828809,170.71793698023953,
VisualCogA_Task-2,VisualCogA_Ta:067,Fz,True,0,0,912.2148470283055,17.486839093614435,12.985616845959875,127.67223620965888,
VisualCogA_Task-2,VisualCogA_Ta:067,F3,False,75,70,,,,,clip_or_out_of_range|flat_run
VisualCogA_Task-2,VisualCogA_Ta:067,F4,False,62,57,,,,,clip_or_out_of_range|flat_run
VisualCogA_Task-2,VisualCogA_Ta:068,Fz,True,0,0,249.30189974822622,28.931105516136313,17.46497596704028,115.86175326161595,
VisualCogA_Task-2,VisualCogA_Ta:068,F3,True,0,0,239.74975204089424,52.826733806362995,18.098420691233628,6.607156481269499,
VisualCogA_Task-2,VisualCogA_Ta:068,F4,True,0,0,293.492027161059,38.75791561760889,10.044623483634831,136.09521629663539,
VisualCogA_Task-2,VisualCogA_Ta:069,Fz,True,0,0,475.8678568703747,21.667811093308956,10.813806363012176,58.33524071107047,
VisualCogA_Task-2,VisualCogA_Ta:069,F3,True,0,0,815.5642023346303,24.261844815747168,12.216433966582867,152.30029755092687,
VisualCogA_Task-2,VisualCogA_Ta:069,F4,True,0,0,771.5266651407645,23.651483939879427,12.940370794232212,80.2777141985199,
VisualCogA_Task-2,VisualCogA_Ta:070,Fz,True,0,0,199.49645227740893,15.075913633936125,9.23019455252915,177.11146715495533,
VisualCogA_Task-2,VisualCogA_Ta:070,F3,True,0,0,299.68719005111757,17.242694743267066,11.266266880292848,48.798352025635154,
VisualCogA_Task-2,VisualCogA_Ta:070,F4,True,0,0,225.28419928282574,18.188754100862297,9.275440604257486,176.74525062943474,
VisualCogA_Task-2,VisualCogA_Ta:071,Fz,True,0,0,659.4033722438392,21.8509193560692,44.34113069352255,98.5885404745556,
VisualCogA_Task-2,VisualCogA_Ta:071,F3,True,0,0,998.7335011825742,36.74372472724485,97.18851911192475,241.87075608453506,
VisualCogA_Task-2,VisualCogA_Ta:071,F4,True,0,0,1061.4480811779965,29.907682917525108,65.10906843671339,144.48767833981844,
VisualCogA_Task-2,VisualCogA_Ta:072,Fz,True,0,0,259.55596246280595,19.195849546044315,7.918059052414796,11.67315175097275,
VisualCogA_Task-2,VisualCogA_Ta:072,F3,True,0,0,315.37346456092155,26.794842450598708,17.826944380865122,37.3388265812161,
VisualCogA_Task-2,VisualCogA_Ta:072,F4,True,0,0,319.9816891737239,21.57625696192872,14.297752346074903,11.230640115968527,
VisualCogA_Task-2,VisualCogA_Ta:073,Fz,True,0,0,218.6617837796598,18.49393453879611,8.325273517967469,22.812237735561155,
VisualCogA_Task-2,VisualCogA_Ta:073,F3,True,0,0,309.23933775844966,22.15609979400324,10.542330052643672,86.51865415426857,
VisualCogA_Task-2,VisualCogA_Ta:073,F4,True,0,0,319.09666590371546,20.263981078812776,9.954131380178831,72.8618295567253,
VisualCogA_Task-2,VisualCogA_Ta:074,Fz,True,0,0,362.18814373998623,20.630197604333716,49.453934538796474,221.66781109330907,
VisualCogA_Task-2,VisualCogA_Ta:074,F3,True,0,0,176.6994735637445,20.263981078812776,30.04337834744782,240.16174563210495,
VisualCogA_Task-2,VisualCogA_Ta:074,F4,True,0,0,408.88075074387723,25.329976348516084,52.078205539025184,247.05882352941182,
VisualCogA_Task-2,VisualCogA_Ta:075,Fz,True,0,0,142.48874647135108,19.501029983978015,9.049210345616814,173.28145265888463,
VisualCogA_Task-2,VisualCogA_Ta:075,F3,True,0,0,132.8450446326392,29.694056610971302,11.944957656214193,215.25902189669625,
VisualCogA_Task-2,VisualCogA_Ta:075,F4,True,0,0,143.9230945296406,19.95880064087919,7.058384069581114,287.55626764324415,
VisualCogA_Task-2,VisualCogA_Ta:076,Fz,True,0,0,298.0392156862747,20.599679560540153,13.257093156328885,92.77485313191414,
VisualCogA_Task-2,VisualCogA_Ta:076,F3,True,0,0,200.1678492408637,21.39314869916825,9.13970244907315,293.1715877012284,
VisualCogA_Task-2,VisualCogA_Ta:076,F4,True,0,0,402.16678110933094,21.026932173647538,12.940370794232212,194.17105363546193,
VisualCogA_Task-2,VisualCogA_Ta:077,Fz,True,0,0,367.7119096665904,33.66140230411247,10.994790569924513,26.39810788128483,
VisualCogA_Task-2,VisualCogA_Ta:077,F3,True,0,0,704.0512703135729,21.88143739986276,38.32340581368746,144.42664225223155,
VisualCogA_Task-2,VisualCogA_Ta:077,F4,True,0,0,518.0437933928434,30.94529640650012,17.96268253604946,79.86572060730896,
VisualCogA_Task-2,VisualCogA_Ta:078,Fz,True,0,0,144.83863584344226,20.721751735713724,11.085282673380512,147.57000076295105,
VisualCogA_Task-2,VisualCogA_Ta:078,F3,True,0,0,163.45464255741194,23.89562829022657,11.944957656214193,209.2164492256045,
VisualCogA_Task-2,VisualCogA_Ta:078,F4,True,0,0,180.45319295033187,20.508125429159918,11.175774776836848,259.2660410467689,
VisualCogA_Task-2,VisualCogA_Ta:079,Fz,True,0,0,772.8999771114671,17.82253757534147,15.655133897917256,334.355687800412,
VisualCogA_Task-2,VisualCogA_Ta:079,F3,False,51,38,,,,,clip_or_out_of_range|flat_run
VisualCogA_Task-2,VisualCogA_Ta:079,F4,False,49,17,,,,,clip_or_out_of_range|flat_run
VisualCogA_Task-2,VisualCogA_Ta:080,Fz,True,0,0,535.0728618295567,20.447089341573246,65.96874341954674,289.6467536430915,
VisualCogA_Task-2,VisualCogA_Ta:080,F3,True,0,0,1066.4225223163196,25.66567483024346,99.81279011215379,437.62874799725336,
VisualCogA_Task-2,VisualCogA_Ta:080,F4,True,0,0,885.8777752346074,18.799114976729925,81.57863126573616,513.4203097581445,
VisualCogA_Task-2,VisualCogA_Ta:081,Fz,True,0,0,287.4799725337605,30.457007705806063,8.868226138704477,75.05912870984957,
VisualCogA_Task-2,VisualCogA_Ta:081,F3,True,0,0,292.45441367208355,59.143968871595234,12.21643396658253,180.62104219119556,
VisualCogA_Task-2,VisualCogA_Ta:081,F4,True,0,0,295.9029526207372,26.092927443350618,11.175774776836512,116.7925535973144,
VisualCogA_Task-2,VisualCogA_Ta:082,Fz,True,0,0,514.6868085755705,23.041123064011458,18.641373311970636,20.431830319676408,
VisualCogA_Task-2,VisualCogA_Ta:082,F3,True,0,0,643.5339894712748,38.6968795300221,29.319441519798474,151.3237201495383,
VisualCogA_Task-2,VisualCogA_Ta:082,F4,True,0,0,654.3068589303426,24.07873655298704,33.30109407187004,74.12832837415124,
VisualCogA_Task-2,VisualCogA_Ta:083,Fz,True,0,0,309.269855802243,23.55992980849942,6.741661707484441,11.169604028381741,
VisualCogA_Task-2,VisualCogA_Ta:083,F3,True,0,0,449.3781948577098,51.6060120546274,14.750212863355406,73.96047913328755,
VisualCogA_Task-2,VisualCogA_Ta:083,F4,True,0,0,430.88426031891345,23.163195239185143,5.565264362554425,42.40482185091946,
VisualCogA_Task-2,VisualCogA_Ta:084,Fz,True,0,0,575.9670405127032,19.623102159151472,16.514808880750767,45.45662623025862,
VisualCogA_Task-2,VisualCogA_Ta:084,F3,True,0,0,601.5106431677729,25.421530479896205,11.854465552758025,137.71267261768514,
VisualCogA_Task-2,VisualCogA_Ta:084,F4,True,0,0,680.0946059357598,18.15823605706896,27.91681391622795,75.07438773174636,
VisualCogA_Task-2,VisualCogA_Ta:085,Fz,True,0,0,821.2405584802013,19.775692378118492,8.68724193179214,577.9507133592737,
VisualCogA_Task-2,VisualCogA_Ta:085,F3,False,217,203,,,,,clip_or_out_of_range|flat_run
VisualCogA_Task-2,VisualCogA_Ta:085,F4,False,56,0,,,,,clip_or_out_of_range
VisualCogA_Task-2,VisualCogA_Ta:086,Fz,True,0,0,684.4586861982149,42.145418478675424,18.007928587777627,63.01976043335617,
VisualCogA_Task-2,VisualCogA_Ta:086,F3,True,0,0,1131.4259555962462,114.01541161211571,67.14514076447709,192.6909285114824,
VisualCogA_Task-2,VisualCogA_Ta:086,F4,True,0,0,1043.1982909895478,36.987869077591995,33.210601968413876,162.37125200274664,
VisualCogA_Task-2,VisualCogA_Ta:087,Fz,True,0,0,396.337834744793,16.96803234912636,21.672858777752353,111.1161974517434,
VisualCogA_Task-2,VisualCogA_Ta:087,F3,True,0,0,958.7853818570229,28.931105516136427,18.188912794689795,111.77233539330138,
VisualCogA_Task-2,VisualCogA_Ta:087,F4,True,0,0,792.9503318837262,19.6231021591517,46.331956969558256,378.5763332570382,
VisualCogA_Task-2,VisualCogA_Ta:088,Fz,True,0,0,343.20592050049595,19.95880064087919,10.089869535362832,46.25009536888683,
VisualCogA_Task-2,VisualCogA_Ta:088,F3,True,0,0,278.3855954833293,40.65003433279935,7.963305104142796,126.20737010757614,
VisualCogA_Task-2,VisualCogA_Ta:088,F4,True,0,0,465.64431219958806,17.181658655680167,17.32923781185645,74.57084000915529,
VisualCogA_Task-2,VisualCogA_Ta:089,Fz,True,0,0,438.0560006103608,23.468375677119184,8.868226138704477,205.99679560540176,
VisualCogA_Task-2,VisualCogA_Ta:089,F3,True,0,0,825.2689402609292,26.12344548714441,63.7064408331427,57.282368200198334,
VisualCogA_Task-2,VisualCogA_Ta:089,F4,True,0,0,867.3838406958114,20.325017166399675,36.920778210116936,279.6520943007554,
VisualCogA_Task-2,VisualCogA_Ta:090,Fz,True,0,0,82.42923628595406,21.576256961928834,8.68724193179214,32.516975661860215,
VisualCogA_Task-2,VisualCogA_Ta:090,F3,True,0,0,106.53849088273432,36.987869077591995,22.080073243305023,16.55603875791553,
VisualCogA_Task-2,VisualCogA_Ta:090,F4,True,0,0,108.64423590447848,16.02197299153113,14.976443121995572,89.4941634241244,
VisualCogA_Task-2,VisualCogA_Ta:091,Fz,True,0,0,680.1556420233464,19.012741283283617,8.77773403524831,6.454566262302535,
VisualCogA_Task-2,VisualCogA_Ta:091,F3,True,0,0,1228.1986724650951,46.356908522163735,6.515431448844105,139.72686350804906,
VisualCogA_Task-2,VisualCogA_Ta:091,F4,True,0,0,1150.34714274815,26.977950713359178,15.836118104829591,25.436789501792873,
VisualCogA_Task-2,VisualCogA_Ta:092,Fz,True,0,0,270.66453040360113,21.45418478675515,10.904298466468344,43.961242084382434,
VisualCogA_Task-2,VisualCogA_Ta:092,F3,True,0,0,293.00373846036473,31.403067063401295,10.361345845731504,110.64316777294584,
VisualCogA_Task-2,VisualCogA_Ta:092,F4,True,0,0,365.63668268863967,26.794842450598935,10.044623483634663,100.09918364232863,
VisualCogA_Task-2,VisualCogA_Ta:093,Fz,True,0,0,428.22919050888834,18.127718013275285,16.876777294575273,176.59266041046777,
VisualCogA_Task-2,VisualCogA_Ta:093,F3,True,0,0,948.836499580377,35.461966887922586,45.51752803845308,497.04737926298924,
VisualCogA_Task-2,VisualCogA_Ta:093,F4,True,0,0,780.2853437094682,20.20294499122599,19.998754863812987,372.3964293888762,
VisualCogA_Task-2,VisualCogA_Ta:094,Fz,True,0,0,196.93293659876406,29.571984435797617,19.41055619134798,140.62714579995423,
VisualCogA_Task-2,VisualCogA_Ta:094,F3,True,0,0,509.52925917448704,56.153200579842974,62.303813229572015,190.8140688181888,
VisualCogA_Task-2,VisualCogA_Ta:094,F4,True,0,0,351.1406118867783,27.161058976119534,44.47686884870672,163.34782940413515,
VisualCogA_Task-2,VisualCogA_Ta:095,Fz,True,0,0,248.53894865339146,19.989318684672526,12.57840238040737,21.362630655374915,
VisualCogA_Task-2,VisualCogA_Ta:095,F3,True,0,0,521.9195849546046,28.74799725337607,12.306926070039204,58.258945601587016,
VisualCogA_Task-2,VisualCogA_Ta:095,F4,True,0,0,359.8687724116885,18.127718013275626,15.926610208285929,43.48821240558482,
VisualCogA_Task-2,VisualCogA_Ta:096,Fz,True,0,0,199.8321507591363,16.54077973601875,7.103630121309114,141.61898222323953,
VisualCogA_Task-2,VisualCogA_Ta:096,F3,True,0,0,183.93224994277853,18.37186236362254,6.24395513847577,237.20149538414603,
VisualCogA_Task-2,VisualCogA_Ta:096,F4,True,0,0,222.17135881590002,17.761501487754686,7.1488761730374515,207.3548485542076,
VisualCogA_Task-2,VisualCogA_Ta:097,Fz,True,0,0,190.85984588387896,17.853055619134807,12.306926070038866,74.90653849088272,
VisualCogA_Task-2,VisualCogA_Ta:097,F3,True,0,0,423.0716411078049,23.773556115053225,46.422449073014086,72.2514686808575,
VisualCogA_Task-2,VisualCogA_Ta:097,F4,True,0,0,318.85252155336843,18.493934538795997,30.903053330281335,64.43884946974896,
VisualCogA_Task-2,VisualCogA_Ta:098,Fz,True,0,0,340.27618829633025,16.968032349126588,23.392208743419378,213.30586709391912,
VisualCogA_Task-2,VisualCogA_Ta:098,F3,True,0,0,328.74036774242745,20.080872816052533,21.537120622568015,275.71526665140755,
VisualCogA_Task-2,VisualCogA_Ta:098,F4,True,0,0,468.5435263599603,16.113527122911364,29.545671778438813,277.1801327534904,
VisualCogA_Task-2,VisualCogA_Ta:099,Fz,True,0,0,343.05333028152904,19.958800640878962,6.877399862668778,32.65430685893034,
VisualCogA_Task-2,VisualCogA_Ta:099,F3,True,0,0,617.3800259403374,21.820401312275862,26.695170519569768,28.503852903028815,
VisualCogA_Task-2,VisualCogA_Ta:099,F4,True,0,0,562.661173418784,20.202944991226104,10.768560311284007,27.57305256733042,
VisualCogB_Task-1,VisualCogB_Ta:000,Fz,True,0,0,157.16792553597315,23.041123064011686,6.696415655756442,103.86816205081254,
VisualCogB_Task-1,VisualCogB_Ta:000,F3,True,0,0,622.5375753414205,29.877164873731545,14.840704966811574,346.7612726024263,
VisualCogB_Task-1,VisualCogB_Ta:000,F4,True,0,0,251.83489738307765,26.91691462577228,16.922023346303273,110.3379873350118,
VisualCogB_Task-1,VisualCogB_Ta:001,Fz,True,0,0,234.71427481498438,52.21637293049503,16.87677729457561,91.82879377431891,
VisualCogB_Task-1,VisualCogB_Ta:001,F3,True,0,0,289.31105516136427,131.25810635538278,23.21122453650738,168.65796902418555,
VisualCogB_Task-1,VisualCogB_Ta:001,F4,True,0,0,201.48012512397963,109.1630426489661,17.872190432593122,150.28610666056306,
VisualCogB_Task-1,VisualCogB_Ta:002,Fz,True,0,0,310.0633249408712,35.095750362401986,22.577779812314034,133.98947127489123,
VisualCogB_Task-1,VisualCogB_Ta:002,F3,True,0,0,112.58106355382631,37.17097734035258,7.918059052414796,209.06385900663776,
VisualCogB_Task-1,VisualCogB_Ta:002,F4,True,0,0,302.31174181734957,42.847333485923514,10.316099794003335,253.37605859464406,
VisualCogB_Task-1,VisualCogB_Ta:003,Fz,True,0,0,319.37132829785605,23.163195239185143,11.854465552757857,283.5889219501032,
VisualCogB_Task-1,VisualCogB_Ta:003,F3,True,0,0,128.23682001983673,46.99778744182504,11.13052872510868,227.7409018081941,
VisualCogB_Task-1,VisualCogB_Ta:003,F4,True,0,0,179.32402532997628,28.290226596475236,8.822980086976477,249.22560463874265,
VisualCogB_Task-1,VisualCogB_Ta:004,Fz,True,0,0,866.7124437323566,26.153963530937745,16.514808880750937,434.25650415808343,
VisualCogB_Task-1,VisualCogB_Ta:004,F3,True,0,0,1142.7786678873886,36.68268863965818,78.09468528267361,5.661097123674381,
VisualCogB_Task-1,VisualCogB_Ta:004,F4,True,0,0,1167.7424277103837,26.337071793697987,65.92349736781874,111.65026321812775,
VisualCogB_Task-1,VisualCogB_Ta:005,Fz,False,33,22,,,,,clip_or_out_of_range|flat_run
VisualCogB_Task-1,VisualCogB_Ta:005,F3,False,98,96,,,,,clip_or_out_of_range|flat_run
VisualCogB_Task-1,VisualCogB_Ta:005,F4,False,58,58,,,,,clip_or_out_of_range|flat_run
VisualCogB_Task-1,VisualCogB_Ta:006,Fz,True,0,0,184.5426108186466,22.583352407110624,15.112181277179909,268.57404440375365,
VisualCogB_Task-1,VisualCogB_Ta:006,F3,True,0,0,174.28854810406654,28.015564202334645,9.320686655985318,140.8865491721981,
VisualCogB_Task-1,VisualCogB_Ta:006,F4,True,0,0,79.68261234454872,25.66567483024346,10.406591897459336,58.854047455558145,
VisualCogB_Task-1,VisualCogB_Ta:007,Fz,True,0,0,61.676966506447,20.019836728465634,7.013138017853114,37.49141680018329,
VisualCogB_Task-1,VisualCogB_Ta:007,F3,True,0,0,72.23620965896089,26.79484245059882,10.813806363012176,162.0202944991226,
VisualCogB_Task-1,VisualCogB_Ta:007,F4,True,0,0,171.38933394369417,22.40024414435038,8.822980086976477,88.45654993514921,
VisualCogB_Task-1,VisualCogB_Ta:008,Fz,True,0,0,54.20004577706561,21.881437399862648,10.994790569924344,1.6327153429465397,
VisualCogB_Task-1,VisualCogB_Ta:008,F3,True,0,0,96.19287403677424,29.755092698557974,11.175774776836848,80.36926832990008,
VisualCogB_Task-1,VisualCogB_Ta:008,F4,True,0,0,59.876401922636774,20.965896086060752,9.682655069810158,73.83840695811392,
VisualCogB_Task-1,VisualCogB_Ta:009,Fz,True,0,0,197.3907072556649,20.93537804226753,7.918059052414628,15.915159838254453,
VisualCogB_Task-1,VisualCogB_Ta:009,F3,True,0,0,204.25726710917831,29.26680399786369,9.637409018081822,16.098268101014696,
VisualCogB_Task-1,VisualCogB_Ta:009,F4,True,0,0,508.8883802548255,22.766460669870867,11.447251087205354,17.380025940337248,
VisualCogB_Task-1,VisualCogB_Ta:010,Fz,True,0,0,184.42053864347304,22.33920805676371,9.727901121538158,69.50484473945221,
VisualCogB_Task-1,VisualCogB_Ta:010,F3,True,0,0,109.43770504310669,33.99710078583962,7.3751064316777875,119.61547264820331,
VisualCogB_Task-1,VisualCogB_Ta:010,F4,True,0,0,134.706645304036,22.064545662623118,7.73707484550246,161.15053025101088,
VisualCogB_Task-1,VisualCogB_Ta:011,Fz,True,0,0,140.90180819409488,26.794842450598708,10.542330052643672,20.645456626230157,
VisualCogB_Task-1,VisualCogB_Ta:011,F3,True,0,0,150.1182574196995,43.45769436179137,11.673481345845689,46.76890211337451,
VisualCogB_Task-1,VisualCogB_Ta:011,F4,True,0,0,133.5774776836805,25.848783093003703,10.723314259556009,45.09040970473791,
VisualCogB_Task-1,VisualCogB_Ta:012,Fz,True,0,0,180.94148165102627,22.827496757457766,10.270853742275,23.6362249179827,
VisualCogB_Task-1,VisualCogB_Ta:012,F3,True,0,0,267.8568703746089,39.64293888761733,19.139079880979814,65.09498741130693,
VisualCogB_Task-1,VisualCogB_Ta:012,F4,True,0,0,143.28221560997952,25.51308461127644,7.1488761730374515,65.72060730907151,
VisualCogB_Task-1,VisualCogB_Ta:013,Fz,True,0,0,365.8808270389867,25.482566567483104,19.591540398260484,231.9829098954757,
VisualCogB_Task-1,VisualCogB_Ta:013,F3,True,0,0,833.5698481727322,34.821087968261054,53.75230945296387,530.0526436255434,
VisualCogB_Task-1,VisualCogB_Ta:013,F4,False,300,298,,,,,clip_or_out_of_range|flat_run
VisualCogB_Task-1,VisualCogB_Ta:014,Fz,True,0,0,106.69108110170146,23.89562829022657,14.569228656443238,54.97825589379727,
VisualCogB_Task-1,VisualCogB_Ta:014,F3,True,0,0,166.44541084916477,35.61455710688949,14.659720759899237,81.31532768749531,
VisualCogB_Task-1,VisualCogB_Ta:014,F4,True,0,0,122.92668039978639,22.980086976424786,8.913472190432477,154.55863279163805,
VisualCogB_Task-1,VisualCogB_Ta:015,Fz,True,0,0,115.14457923247119,20.569161516746817,8.506257724879804,26.38284885938799,
VisualCogB_Task-1,VisualCogB_Ta:015,F3,True,0,0,131.86846723125063,44.03753719386589,7.918059052414628,36.9115739681086,
VisualCogB_Task-1,VisualCogB_Ta:015,F4,True,0,0,113.67971313038834,20.752269779507174,9.275440604257318,109.63607232776383,
VisualCogB_Task-1,VisualCogB_Ta:016,Fz,True,0,0,441.6266117341877,28.74799725337607,12.487910276951203,85.98458838788429,
VisualCogB_Task-1,VisualCogB_Ta:016,F3,True,0,0,1139.4216830701153,47.21141374837862,16.4243167772946,112.53528648813614,
VisualCogB_Task-1,VisualCogB_Ta:016,F4,True,0,0,537.9720759899292,32.745860990310575,13.619061570153557,178.1185626001374,
VisualCogB_Task-1,VisualCogB_Ta:017,Fz,True,0,0,246.76890211337457,26.611734187838465,9.32068665598515,120.4699778744183,
VisualCogB_Task-1,VisualCogB_Ta:017,F3,True,0,0,467.4448767833983,44.86152437628766,11.763973449302027,109.04097047379258,
VisualCogB_Task-1,VisualCogB_Ta:017,F4,True,0,0,222.84275577935466,29.785610742351423,16.01710231174193,80.18616006713972,
VisualCogB_Task-1,VisualCogB_Ta:018,Fz,True,0,0,544.4419012741284,34.027618829633184,26.468940260929433,217.88357366292814,
VisualCogB_Task-1,VisualCogB_Ta:018,F3,True,0,0,121.12611581597616,39.703974975204005,11.13052872510868,295.91821164263365,
VisualCogB_Task-1,VisualCogB_Ta:018,F4,True,0,0,219.63836118104825,30.67063401235987,13.664307621881388,234.18020904860003,
VisualCogB_Task-1,VisualCogB_Ta:019,Fz,True,0,0,472.327763790341,22.247653925383474,7.103630121309451,188.2658121614404,
VisualCogB_Task-1,VisualCogB_Ta:019,F3,True,0,0,1038.498512245365,45.868619821469565,8.68724193179214,163.83611810482944,
VisualCogB_Task-1,VisualCogB_Ta:019,F4,True,0,0,612.161440451667,20.904859998473967,7.827566948958796,110.49057755397888,
VisualCogB_Task-1,VisualCogB_Ta:020,Fz,True,0,0,163.4241245136186,30.579079880979407,13.03086289768821,309.74288548104073,
VisualCogB_Task-1,VisualCogB_Ta:020,F3,True,0,0,181.46028839551377,45.105668726634576,8.461011673151637,357.38155184252685,
VisualCogB_Task-1,VisualCogB_Ta:020,F4,True,0,0,188.1132219424735,25.787747005416918,13.754799725337724,253.74227512016478,
VisualCogB_Task-1,VisualCogB_Ta:021,Fz,True,0,0,135.16441596093682,22.034027618829896,13.800045777065556,74.29617761501493,
VisualCogB_Task-1,VisualCogB_Ta:021,F3,True,0,0,117.2198062104219,40.497444113832216,9.954131380178664,261.0971236743724,
VisualCogB_Task-1,VisualCogB_Ta:021,F4,True,0,0,177.09620813305867,22.03402761882967,17.238745708400113,209.704737926299,
VisualCogB_Task-1,VisualCogB_Ta:022,Fz,True,0,0,693.8582436865796,28.04608224612798,10.180361638818999,313.0540932326238,
VisualCogB_Task-1,VisualCogB_Ta:022,F3,False,172,170,,,,,clip_or_out_of_range|flat_run
VisualCogB_Task-1,VisualCogB_Ta:022,F4,True,0,0,970.2601663233387,27.038986800946077,43.43620965896104,76.8596932936598,
VisualCogB_Task-1,VisualCogB_Ta:023,Fz,True,0,0,690.2876325627527,35.980773632409864,15.881364156557929,335.805294880598,
VisualCogB_Task-1,VisualCogB_Ta:023,F3,True,0,0,497.5051499198901,76.08148317692849,14.478736552986902,8.804455634393832,
VisualCogB_Task-1,VisualCogB_Ta:023,F4,True,0,0,233.64614328221558,35.431448844129136,6.6059235523004425,12.222476539253819,
VisualCogB_Task-1,VisualCogB_Ta:024,Fz,False,119,0,,,,,clip_or_out_of_range
VisualCogB_Task-1,VisualCogB_Ta:024,F3,True,0,0,1016.2203402761884,49.591821164263365,83.6147035934997,584.1763942931257,
VisualCogB_Task-1,VisualCogB_Ta:024,F4,True,0,0,820.6301976043337,26.489662012664894,66.05923552300291,392.81300068665587,
VisualCogB_Task-1,VisualCogB_Ta:025,Fz,True,0,0,326.8482490272372,19.684138246738485,10.180361638819168,277.42427710383754,
VisualCogB_Task-1,VisualCogB_Ta:025,F3,True,0,0,287.7546349279013,44.09857328145256,9.773147173266159,17.502098115510876,
VisualCogB_Task-1,VisualCogB_Ta:025,F4,True,0,0,730.3578240634774,24.231326771953945,9.365932707713487,109.42244602121008,
VisualCogB_Task-1,VisualCogB_Ta:026,Fz,True,0,0,140.9933623254749,20.81330586709396,32.53191119249253,104.35645075150694,
VisualCogB_Task-1,VisualCogB_Ta:026,F3,True,0,0,133.94369420920123,35.67559319447628,42.03358205539035,95.35362783245597,
VisualCogB_Task-1,VisualCogB_Ta:026,F4,True,0,0,151.88830395971615,23.529411764705856,34.79421377889673,213.15327687495233,
VisualCogB_Task-1,VisualCogB_Ta:027,Fz,True,0,0,337.77370870527193,23.46837567711907,16.152840466926097,313.2066834515908,
VisualCogB_Task-1,VisualCogB_Ta:027,F3,True,0,0,371.2214847028307,38.51377126726163,15.971856260013928,24.26184481574728,
VisualCogB_Task-1,VisualCogB_Ta:027,F4,True,0,0,1081.0101472495612,26.520180056458457,61.17266193636966,732.9976348516061,
VisualCogB_Task-1,VisualCogB_Ta:028,Fz,True,0,0,150.88120851453448,23.987182421606576,5.248542000457752,43.5034714274816,
VisualCogB_Task-1,VisualCogB_Ta:028,F3,True,0,0,182.28427557793543,29.114213778896783,7.103630121309114,57.267109178301666,
VisualCogB_Task-1,VisualCogB_Ta:028,F4,True,0,0,183.1998168917372,24.322880903333953,6.78690775921261,140.15411612115662,
VisualCogB_Task-1,VisualCogB_Ta:029,Fz,True,0,0,489.7535667963683,25.360494392309533,10.813806363012008,427.38994430457007,
VisualCogB_Task-1,VisualCogB_Ta:029,F3,True,0,0,1095.8724345769433,39.76501106279079,17.91743648432129,589.4712748912793,
VisualCogB_Task-1,VisualCogB_Ta:029,F4,True,0,0,177.06569008926533,23.89562829022657,9.68265506980999,51.926451514457995,
VisualCogB_Task-1,VisualCogB_Ta:030,Fz,True,0,0,125.73434042877864,21.149004348821222,17.193499656671946,14.54184786755161,
VisualCogB_Task-1,VisualCogB_Ta:030,F3,True,0,0,296.7879758907453,33.5393301289389,31.626990157930848,7.934691386282111,
VisualCogB_Task-1,VisualCogB_Ta:030,F4,True,0,0,145.8457312886244,23.16319523918537,15.247919432364414,45.944914930952905,
VisualCogB_Task-1,VisualCogB_Ta:031,Fz,True,0,0,830.6706340123599,21.576256961928948,37.68996108949428,206.9733730067902,
VisualCogB_Task-1,VisualCogB_Ta:031,F3,True,0,0,197.57381551842536,31.28099488822761,14.52398260471507,147.47844663157093,
VisualCogB_Task-1,VisualCogB_Ta:031,F4,True,0,0,236.51483939879438,20.325017166399675,18.505635156786635,69.84054322117953,
VisualCogB_Task-1,VisualCogB_Ta:032,Fz,True,0,0,152.89539940489817,23.590447852292755,6.424939345387769,280.7507438773174,
VisualCogB_Task-1,VisualCogB_Ta:032,F3,True,0,0,191.40917067215992,36.4080262455177,8.280027466239469,178.78995956359205,
VisualCogB_Task-1,VisualCogB_Ta:032,F4,True,0,0,265.7816433966582,23.59044785229264,16.560054932478767,134.6150911726558,
VisualCogB_Task-1,VisualCogB_Ta:033,Fz,True,0,0,587.3502708476387,22.400244144350154,28.821734950789466,276.35614557106885,
VisualCogB_Task-1,VisualCogB_Ta:033,F3,True,0,0,187.65545128557267,36.80476081483175,8.958718242160645,226.97795071335923,
VisualCogB_Task-1,VisualCogB_Ta:033,F4,True,0,0,323.1250476844434,24.109254596780374,8.370519569695468,321.1413748378729,
VisualCogB_Task-1,VisualCogB_Ta:034,Fz,True,0,0,526.5888456549934,23.132677195391807,41.03816891737233,305.256733043412,
VisualCogB_Task-1,VisualCogB_Ta:034,F3,True,0,0,889.6925307087815,33.78347447928604,70.22187228198648,481.1474784466317,
VisualCogB_Task-1,VisualCogB_Ta:034,F4,True,0,0,700.4501411459526,25.78774700541703,42.802764934767694,288.0598153658351,
VisualCogB_Task-1,VisualCogB_Ta:035,Fz,False,169,119,,,,,clip_or_out_of_range|flat_run
VisualCogB_Task-1,VisualCogB_Ta:035,F3,True,0,0,1204.6082246128026,36.56061646448484,6.967891966124777,625.2536812390326,
VisualCogB_Task-1,VisualCogB_Ta:035,F4,True,0,0,1040.1770046540018,24.9027237354087,9.365932707713823,561.6388189517052,
VisualCogB_Task-1,VisualCogB_Ta:036,Fz,True,0,0,375.0057221332113,29.51094834821083,32.9391256580452,259.0524147402151,
VisualCogB_Task-1,VisualCogB_Ta:036,F3,True,0,0,519.0203707942319,34.97367818722819,46.196218814374085,364.99580376897836,
VisualCogB_Task-1,VisualCogB_Ta:036,F4,True,0,0,964.7058823529412,32.56275272755033,42.486042572670684,496.62012664988174,
VisualCogB_Task-1,VisualCogB_Ta:037,Fz,True,0,0,1016.5560387579158,33.02052338445117,64.3398855573357,41.77920195315477,
VisualCogB_Task-1,VisualCogB_Ta:037,F3,True,0,0,498.69535362783233,48.95094224460206,31.084037537194007,317.769130998703,
VisualCogB_Task-1,VisualCogB_Ta:037,F4,True,0,0,789.8374914168003,25.543602655069662,24.568606088349732,236.2249179827574,
VisualCogB_Task-1,VisualCogB_Ta:038,Fz,True,0,0,512.9167620355533,23.224231326772042,27.057138933394103,258.4725719081407,
VisualCogB_Task-1,VisualCogB_Ta:038,F3,True,0,0,492.439154650187,45.41084916456862,31.807974364843183,213.0922407873656,
VisualCogB_Task-1,VisualCogB_Ta:038,F4,True,0,0,365.54512855725955,27.588311589227033,22.713517967498202,254.84092469672697,
VisualCogB_Task-1,VisualCogB_Ta:039,Fz,True,0,0,783.0319676508738,42.51163500419625,72.57466697184718,258.60990310521095,
VisualCogB_Task-1,VisualCogB_Ta:039,F3,True,0,0,427.5577935454338,58.62516212710773,17.645960173952954,56.06164644846268,
VisualCogB_Task-1,VisualCogB_Ta:039,F4,True,0,0,348.7602044708933,48.24902723735397,16.01710231174176,221.27107652399485,
VisualCogB_Task-1,VisualCogB_Ta:040,Fz,True,0,0,151.88830395971627,23.651483939879427,11.085282673380512,113.78652628366524,
VisualCogB_Task-1,VisualCogB_Ta:040,F3,True,0,0,172.79316395819046,28.381780727855357,7.918059052414628,11.79522392614632,
VisualCogB_Task-1,VisualCogB_Ta:040,F4,True,0,0,160.49439230945302,24.597543297474544,9.637409018081991,57.78591592278934,
VisualCogB_Task-1,VisualCogB_Ta:041,Fz,True,0,0,595.1934081025407,34.729533836881046,6.515431448844105,33.722438391699086,
VisualCogB_Task-1,VisualCogB_Ta:041,F3,True,0,0,517.3418783855954,31.52513923857498,8.053797207598963,14.038300144960658,
VisualCogB_Task-1,VisualCogB_Ta:041,F4,True,0,0,168.2154573891812,34.94316014343485,7.3298603799496185,17.807278553444746,
VisualCogB_Task-1,VisualCogB_Ta:042,Fz,True,0,0,749.6147096971083,22.15609979400324,15.021689173723994,259.7390707255665,
VisualCogB_Task-1,VisualCogB_Ta:042,F3,True,0,0,578.4084840161746,33.60036621652546,42.531288624399025,180.5142290379187,
VisualCogB_Task-1,VisualCogB_Ta:042,F4,True,0,0,559.8229953459985,24.04821850919359,25.790249485008086,106.37064164187069,
VisualCogB_Task-1,VisualCogB_Ta:043,Fz,True,0,0,229.5262073701076,27.161058976119648,7.782320897230459,59.92217898832689,
VisualCogB_Task-1,VisualCogB_Ta:043,F3,True,0,0,171.38933394369417,33.295185778591645,8.144289311055132,104.44800488288695,
VisualCogB_Task-1,VisualCogB_Ta:043,F4,True,0,0,171.3893339436944,28.74799725337607,12.17118791485453,68.03997863736936,
VisualCogB_Task-1,VisualCogB_Ta:044,Fz,True,0,0,75.83733882658112,28.076600289921316,10.542330052643841,18.020904859998552,
VisualCogB_Task-1,VisualCogB_Ta:044,F3,True,0,0,153.56679636835293,32.8374151216907,7.872813000686796,71.94628824292357,
VisualCogB_Task-1,VisualCogB_Ta:044,F4,True,0,0,151.21690699626163,33.56984817273212,9.049210345616983,100.57221332112607,
VisualCogB_Task-1,VisualCogB_Ta:045,Fz,True,0,0,781.1398489356833,45.74654764629588,13.438077363241051,152.52918287937746,
VisualCogB_Task-1,VisualCogB_Ta:045,F3,False,125,117,,,,,clip_or_out_of_range|flat_run
VisualCogB_Task-1,VisualCogB_Ta:045,F4,True,0,0,1009.5368886854352,40.680552376592686,13.302339208056715,137.71267261768514,
VisualCogB_Task-1,VisualCogB_Ta:046,Fz,True,0,0,551.6746776531625,23.4073395895324,16.062348363470097,15.289539940489817,
VisualCogB_Task-1,VisualCogB_Ta:046,F3,True,0,0,1157.2137026016635,31.12840466926059,74.70123140306721,250.4615854123751,
VisualCogB_Task-1,VisualCogB_Ta:046,F4,True,0,0,1089.9824521248188,27.98504615854131,85.42454566262306,378.1948577096208,
VisualCogB_Task-1,VisualCogB_Ta:047,Fz,True,0,0,351.4763103685052,27.710383764400603,8.73248798352014,222.03402761882978,
VisualCogB_Task-1,VisualCogB_Ta:047,F3,True,0,0,304.6005951018541,32.8374151216907,12.66889448386354,188.03692683299,
VisualCogB_Task-1,VisualCogB_Ta:047,F4,True,0,0,952.6512550545509,30.609597924773198,9.094456397344812,250.52262149996182,
VisualCogB_Task-1,VisualCogB_Ta:048,Fz,True,0,0,121.3702601663233,31.982909895475586,12.578402380407201,407.33958953231104,
VisualCogB_Task-1,VisualCogB_Ta:048,F3,True,0,0,128.05371175707637,34.66849774929426,9.230194552529317,59.89166094453344,
VisualCogB_Task-1,VisualCogB_Ta:048,F4,True,0,0,181.36873426413365,25.78774700541703,13.845291828793894,34.225986114290095,
VisualCogB_Task-1,VisualCogB_Ta:049,Fz,True,0,0,794.9340047302968,51.36186770428026,55.78838178072791,666.8039978637369,
VisualCogB_Task-1,VisualCogB_Ta:049,F3,True,0,0,1021.4389257648586,208.3772030212864,47.191631952391766,378.2101167315175,
VisualCogB_Task-1,VisualCogB_Ta:049,F4,True,0,0,1138.4756237125198,69.3980315861752,64.56611581597605,544.7775997558557,
VisualCogB_Task-1,VisualCogB_Ta:050,Fz,True,0,0,855.9090562294957,25.23842221713562,35.33716639963391,24.82642862592502,
VisualCogB_Task-1,VisualCogB_Ta:050,F3,True,0,0,491.5846494239719,29.57198443579773,35.02044403753707,165.88082703898675,
VisualCogB_Task-1,VisualCogB_Ta:050,F4,True,0,0,624.5517662317844,28.229190508888223,45.11031357290007,143.80102235446714,
VisualCogB_Task-1,VisualCogB_Ta:051,Fz,True,0,0,178.31692988479438,27.98504615854131,10.18036163881883,54.30685893034263,
VisualCogB_Task-1,VisualCogB_Ta:051,F3,True,0,0,373.54085603112856,30.94529640650046,15.51939574273292,6.0425726710917615,
VisualCogB_Task-1,VisualCogB_Ta:051,F4,True,0,0,168.24597543297466,31.738765545128558,12.08069581139853,124.62043183031972,
VisualCogB_Task-1,VisualCogB_Ta:052,Fz,True,0,0,155.61150530250995,33.539330128938786,8.189535362783468,31.78454261081879,
VisualCogB_Task-1,VisualCogB_Ta:052,F3,True,0,0,149.50789654383175,38.452735179675074,7.827566948958628,77.01228351262682,
VisualCogB_Task-1,VisualCogB_Ta:052,F4,True,0,0,179.01884489204235,32.74586099031046,10.225607690547,110.97886625467316,
VisualCogB_Task-1,VisualCogB_Ta:053,Fz,False,185,157,,,,,clip_or_out_of_range|flat_run
VisualCogB_Task-1,VisualCogB_Ta:053,F3,True,0,0,850.7820248722057,27.740901808194167,44.52211490043506,60.74616617074844,
VisualCogB_Task-1,VisualCogB_Ta:053,F4,True,0,0,775.7076371404593,27.98504615854108,26.92140077821044,1.2207217517357094,
VisualCogB_Task-1,VisualCogB_Ta:054,Fz,True,0,0,650.3395132372015,22.095063706416454,46.01523460746175,204.18097199969486,
VisualCogB_Task-1,VisualCogB_Ta:054,F3,True,0,0,617.6852063782712,23.956664377813354,22.487287708857867,11.917296101319891,
VisualCogB_Task-1,VisualCogB_Ta:054,F4,True,0,0,744.5792324711988,24.902723735408586,36.468317692835925,134.41672388799873,
VisualCogB_Task-1,VisualCogB_Ta:055,Fz,True,0,0,514.9309529259174,22.21713588158991,29.455179674982812,341.6342412451361,
VisualCogB_Task-1,VisualCogB_Ta:055,F3,True,0,0,225.83352407110704,27.67986572060738,15.112181277180246,155.94720378423744,
VisualCogB_Task-1,VisualCogB_Ta:055,F4,True,0,0,181.24666208896008,25.39101243610287,17.148253604943775,113.63393606469828,
VisualCogB_Task-1,VisualCogB_Ta:056,Fz,True,0,0,488.8990615701532,23.651483939879427,7.556090638590123,285.3437094682232,
VisualCogB_Task-1,VisualCogB_Ta:056,F3,True,0,0,360.7843137254903,35.49248493171592,9.411178759441485,32.85267414358759,
VisualCogB_Task-1,VisualCogB_Ta:056,F4,True,0,0,570.138094148165,29.60250247959084,7.465598535134124,68.34515907530329,
VisualCogB_Task-1,VisualCogB_Ta:057,Fz,True,0,0,673.7468528267337,92.98847943846795,30.13387045090416,743.404287785153,
VisualCogB_Task-1,VisualCogB_Ta:057,F3,True,0,0,793.7743190661479,392.2789349202716,23.57319295033205,109.88021667811097,
VisualCogB_Task-1,VisualCogB_Ta:057,F4,True,0,0,556.923781185626,123.17082475013353,18.4151430533303,152.23926146334009,
VisualCogB_Task-1,VisualCogB_Ta:058,Fz,True,0,0,1106.218051422904,25.970855268177274,39.63554131380181,444.41901274128327,
VisualCogB_Task-1,VisualCogB_Ta:058,F3,True,0,0,885.7862211032273,47.48607614251932,50.67557793545416,14.190890363927622,
VisualCogB_Task-1,VisualCogB_Ta:058,F4,True,0,0,986.3431754024567,27.64934767681393,33.572570382238546,3.692683299000521,
VisualCogB_Task-1,VisualCogB_Ta:059,Fz,True,0,0,195.86480506599537,40.16174563210507,11.130528725109187,138.29251544975966,
VisualCogB_Task-1,VisualCogB_Ta:059,F3,True,0,0,194.85770962081324,33.661402304112244,7.375106431677619,12.039368276493462,
VisualCogB_Task-1,VisualCogB_Ta:059,F4,True,0,0,187.3197528038453,40.52796215762578,8.280027466239469,73.99099717708089,
VisualCogB_Task-1,VisualCogB_Ta:060,Fz,True,0,0,965.8960860608836,47.425040054932424,33.97978484779114,220.30975814450295,
VisualCogB_Task-1,VisualCogB_Ta:060,F3,True,0,0,453.3455405508507,38.02548256656746,30.58633096818483,280.68970778973073,
VisualCogB_Task-1,VisualCogB_Ta:060,F4,True,0,0,865.6137941557945,79.98779278248253,36.242087434195255,109.80392156862752,
VisualCogB_Task-1,VisualCogB_Ta:061,Fz,True,0,0,436.53009842069116,22.9800869764249,7.737074845502122,24.185549706263714,
VisualCogB_Task-1,VisualCogB_Ta:061,F3,True,0,0,538.2162203402762,22.278171969176583,11.402005035477353,178.07278553444723,
VisualCogB_Task-1,VisualCogB_Ta:061,F4,True,0,0,1094.6211947814145,32.867933165484146,31.80797436484335,633.8292515449759,
VisualCogB_Task-1,VisualCogB_Ta:062,Fz,False,8,0,,,,,clip_or_out_of_range
VisualCogB_Task-1,VisualCogB_Ta:062,F3,True,0,0,833.630884260319,29.633020523384403,34.341753261616226,36.82001983672842,
VisualCogB_Task-1,VisualCogB_Ta:062,F4,True,0,0,723.8269626916915,24.59754329747443,35.33716639963391,303.1967650873579,
VisualCogB_Task-1,VisualCogB_Ta:063,Fz,True,0,0,341.80209048599977,21.27107652399468,12.397418173495202,154.55863279163793,
VisualCogB_Task-1,VisualCogB_Ta:063,F3,True,0,0,164.88899061570146,39.76501106279079,12.895124742504043,128.6488136110475,
VisualCogB_Task-1,VisualCogB_Ta:063,F4,True,0,0,344.304570077058,22.583352407110738,14.297752346074565,104.35645075150683,
VisualCogB_Task-1,VisualCogB_Ta:064,Fz,True,0,0,156.6186007476922,25.72671091783002,13.257093156328548,42.49637598229958,
VisualCogB_Task-1,VisualCogB_Ta:064,F3,True,0,0,470.466163118944,30.76218814373999,19.048587777523643,16.708628976882608,
VisualCogB_Task-1,VisualCogB_Ta:064,F4,True,0,0,321.78225375753425,27.28313115129322,15.926610208285592,78.35507743953616,
VisualCogB_Task-1,VisualCogB_Ta:065,Fz,True,0,0,811.2916762035554,74.7386892500192,64.65660791943256,583.1082627603571,
VisualCogB_Task-1,VisualCogB_Ta:065,F3,True,0,0,701.3656824597545,298.4359502555885,46.739171435110755,239.03257801174954,
VisualCogB_Task-1,VisualCogB_Ta:065,F4,True,0,0,411.566338597696,70.25253681239042,21.310890363927513,4.928664072632955,
VisualCogB_Task-1,VisualCogB_Ta:066,Fz,True,0,0,259.61699855039274,21.911955443656325,17.37448386358462,202.74662394140535,
VisualCogB_Task-1,VisualCogB_Ta:066,F3,True,0,0,184.60364690623328,24.8416876478218,11.49249713893352,10.543984130617162,
VisualCogB_Task-1,VisualCogB_Ta:066,F4,True,0,0,126.4362554360265,25.848783093003703,6.605923552300274,60.99031052109564,
VisualCogB_Task-1,VisualCogB_Ta:067,Fz,True,0,0,149.41634241245129,27.252613107499656,10.63282215609984,129.6864271000228,
VisualCogB_Task-1,VisualCogB_Ta:067,F3,True,0,0,134.46250095368885,47.3334859235523,7.5560906385899544,34.53116655222402,
VisualCogB_Task-1,VisualCogB_Ta:067,F4,True,0,0,209.75051499198912,27.28313115129322,8.913472190432477,25.558861676966558,
VisualCogB_Task-1,VisualCogB_Ta:068,Fz,True,0,0,676.3714045929655,24.17029068436716,50.67557793545432,796.9481956206607,
VisualCogB_Task-1,VisualCogB_Ta:068,F3,True,0,0,519.4476234073397,29.38887617303726,8.280027466239469,116.0448615243763,
VisualCogB_Task-1,VisualCogB_Ta:068,F4,True,0,0,692.6985580224308,23.52941176470563,8.641995880064478,417.19691767757695,
VisualCogB_Task-1,VisualCogB_Ta:069,Fz,True,0,0,279.24010070954444,22.64438849469775,30.857807278553164,54.67307545586334,
VisualCogB_Task-1,VisualCogB_Ta:069,F3,True,0,0,216.8001831082629,28.931105516136313,48.05130693522528,86.9306477454794,
VisualCogB_Task-1,VisualCogB_Ta:069,F4,True,0,0,202.4567025253682,24.902723735408586,46.331956969558256,0.8087281605249359,
VisualCogB_Task-1,VisualCogB_Ta:070,Fz,True,0,0,1259.6627756160833,17.822537575341357,62.801519798580856,106.35538261997408,
VisualCogB_Task-1,VisualCogB_Ta:070,F3,True,0,0,304.844739452201,23.956664377813354,29.45517967498264,357.7630273899442,
VisualCogB_Task-1,VisualCogB_Ta:070,F4,True,0,0,376.25696192874034,20.691233691920274,14.026276035706061,440.32959487296864,
VisualCogB_Task-1,VisualCogB_Ta:071,Fz,True,0,0,285.49629968719023,23.74303807125966,8.325273517967469,87.58678568703749,
VisualCogB_Task-1,VisualCogB_Ta:071,F3,True,0,0,360.0213626306554,27.374685282673454,33.663062485694546,76.41718165865564,
VisualCogB_Task-1,VisualCogB_Ta:071,F4,True,0,0,435.15678644998866,23.19371328297848,16.650547035934938,88.83802548256654,
VisualCogB_Task-1,VisualCogB_Ta:072,Fz,True,0,0,182.10116731517508,46.23483634699005,7.013138017853114,59.83062485694677,
VisualCogB_Task-1,VisualCogB_Ta:072,F3,True,0,0,171.2672617685206,76.99702449073015,15.474149691004751,84.82490272373548,
VisualCogB_Task-1,VisualCogB_Ta:072,F4,True,0,0,187.35027084763863,60.028992141603794,7.646582742046123,148.85175860227366,
VisualCogB_Task-1,VisualCogB_Ta:073,Fz,True,0,0,248.72205691615193,20.080872816052306,13.800045777065556,28.366521705958576,
VisualCogB_Task-1,VisualCogB_Ta:073,F3,True,0,0,189.57808804455635,27.49675745784691,15.428903639276582,125.36812390325781,
VisualCogB_Task-1,VisualCogB_Ta:073,F4,True,0,0,136.38513771267276,19.83672846570539,12.261680018310697,102.49485008010981,
VisualCogB_Task-1,VisualCogB_Ta:074,Fz,True,0,0,160.37232013427945,19.1958495460442,13.03086289768821,101.73189898527505,
VisualCogB_Task-1,VisualCogB_Ta:074,F3,True,0,0,529.1523613336384,29.694056610971188,18.641373311970636,20.47760738536664,
VisualCogB_Task-1,VisualCogB_Ta:074,F4,True,0,0,453.16243228809026,19.9893186846723,41.67161364156568,68.46723125047674,
VisualCogB_Task-1,VisualCogB_Ta:075,Fz,True,0,0,564.0650034332798,21.27107652399468,7.465598535134124,41.031509880216845,
VisualCogB_Task-1,VisualCogB_Ta:075,F3,True,0,0,619.1500724803541,27.98504615854108,7.465598535133955,77.6684214541848,
VisualCogB_Task-1,VisualCogB_Ta:075,F4,True,0,0,932.3262378881514,24.017700465400367,13.392831311512884,49.63759822995354,
VisualCogB_Task-1,VisualCogB_Ta:076,Fz,True,0,0,194.85770962081347,41.779201953154825,10.180361638819505,102.12863355458921,
VisualCogB_Task-1,VisualCogB_Ta:076,F3,True,0,0,207.12596322575723,66.68192568856341,10.813806363012176,148.36346990157938,
VisualCogB_Task-1,VisualCogB_Ta:076,F4,True,0,0,225.52834363317334,38.14755474174103,7.918059052414796,110.46005951018549,
VisualCogB_Task-1,VisualCogB_Ta:077,Fz,True,0,0,682.8717479209581,27.618829633020596,47.96081483176928,370.0465400167849,
VisualCogB_Task-1,VisualCogB_Ta:077,F3,False,5,0,,,,,clip_or_out_of_range
VisualCogB_Task-1,VisualCogB_Ta:077,F4,True,0,0,218.14297703517207,24.597543297474658,14.704966811627237,300.2822919050889,
VisualCogB_Task-1,VisualCogB_Ta:078,Fz,True,0,0,187.13664454108482,22.40024414435038,8.958718242160476,89.32631418326082,
VisualCogB_Task-1,VisualCogB_Ta:078,F3,True,0,0,339.90997177080953,39.27672236209662,9.908885328450326,103.04417486839094,
VisualCogB_Task-1,VisualCogB_Ta:078,F4,True,0,0,339.2996108949417,20.93537804226753,9.094456397344812,1.022354467078685,
VisualCogB_Task-1,VisualCogB_Ta:079,Fz,True,0,0,321.5991454947739,22.400244144350154,15.112181277180246,359.73144121461814,
VisualCogB_Task-1,VisualCogB_Ta:079,F3,True,0,0,193.85061417563134,28.015564202334645,11.854465552758025,189.4712748912795,
VisualCogB_Task-1,VisualCogB_Ta:079,F4,True,0,0,158.2055390249485,22.27817196917681,12.714140535591707,183.45922026398108,
VisualCogB_Task-1,VisualCogB_Ta:080,Fz,True,0,0,168.58167391470204,26.611734187838465,10.542330052643504,5.035477225909801,
VisualCogB_Task-1,VisualCogB_Ta:080,F3,True,0,0,424.1702906843673,33.844510566872486,14.026276035705893,9.124895094224428,
VisualCogB_Task-1,VisualCogB_Ta:080,F4,True,0,0,192.81300068665598,28.534370946822264,13.302339208056715,163.04264896620123,
VisualCogB_Task-1,VisualCogB_Ta:081,Fz,True,0,0,352.5444419012741,31.738765545128558,9.501670862897655,61.09712367437248,
VisualCogB_Task-1,VisualCogB_Ta:081,F3,True,0,0,186.2516212710766,35.46196688792247,21.627612726024182,179.73601892118717,
VisualCogB_Task-1,VisualCogB_Ta:081,F4,True,0,0,242.74052033264672,29.17524986648357,14.704966811627406,108.14068818188753,
VisualCogB_Task-1,VisualCogB_Ta:082,Fz,True,0,0,289.5551995117113,22.30869001297026,10.451837949187334,35.233081559472225,
VisualCogB_Task-1,VisualCogB_Ta:082,F3,True,0,0,488.83802548256654,45.349813076981945,7.465598535133787,74.43350881208511,
VisualCogB_Task-1,VisualCogB_Ta:082,F4,True,0,0,362.6459143968872,23.529411764705856,6.877399862668778,309.20881971465633,
VisualCogB_Task-1,VisualCogB_Ta:083,Fz,True,0,0,258.3657587548637,18.95170519569706,8.506257724879804,362.859540703441,
VisualCogB_Task-1,VisualCogB_Ta:083,F3,True,0,0,164.3396658274204,24.475471122301087,7.103630121309451,119.15770199130236,
VisualCogB_Task-1,VisualCogB_Ta:083,F4,True,0,0,186.28213931487005,17.914091706721592,7.375106431677619,66.02578774700544,
VisualCogB_Task-1,VisualCogB_Ta:084,Fz,True,0,0,463.08079652094284,28.74799725337607,24.070899519340724,239.03257801174948,
VisualCogB_Task-1,VisualCogB_Ta:084,F3,True,0,0,240.8789196612497,27.771419851987503,10.225607690547,104.53955901426713,
VisualCogB_Task-1,VisualCogB_Ta:084,F4,True,0,0,1190.7835507743953,31.921873807888915,22.6682719157702,152.8343633173114,
VisualCogB_Task-1,VisualCogB_Ta:085,Fz,True,0,0,177.70656900892664,23.285267414358714,16.5148088807506,167.62035553521025,
VisualCogB_Task-1,VisualCogB_Ta:085,F3,True,0,0,148.2871747920958,27.1305409323262,9.773147173266159,139.5437552452887,
VisualCogB_Task-1,VisualCogB_Ta:085,F4,True,0,0,171.2062256809338,25.604638742656675,12.714140535591707,181.53658350499734,
VisualCogB_Task-1,VisualCogB_Ta:086,Fz,True,0,0,71.29015030136577,25.14686808575584,8.77773403524831,27.298390173189773,
VisualCogB_Task-1,VisualCogB_Ta:086,F3,True,0,0,84.04669260700393,27.374685282673454,13.981029983977892,91.20317387655456,
VisualCogB_Task-1,VisualCogB_Ta:086,F4,True,0,0,82.36820019836739,23.46837567711907,8.913472190432477,116.41107804989701,
VisualCogB_Task-1,VisualCogB_Ta:087,Fz,False,299,292,,,,,clip_or_out_of_range|flat_run
VisualCogB_Task-1,VisualCogB_Ta:087,F3,False,224,224,,,,,clip_or_out_of_range|flat_run
VisualCogB_Task-1,VisualCogB_Ta:087,F4,False,176,174,,,,,clip_or_out_of_range|flat_run
VisualCogB_Task-1,VisualCogB_Ta:088,Fz,True,0,0,1091.172655832761,25.81826504921014,16.062348363469926,361.4099336232548,
VisualCogB_Task-1,VisualCogB_Ta:088,F3,True,0,0,931.3496604867629,40.9246967269396,11.402005035477185,8.056763561455682,
VisualCogB_Task-1,VisualCogB_Ta:088,F4,True,0,0,625.4673075455862,29.93820096131833,13.845291828793725,19.85198748760206,
VisualCogB_Task-1,VisualCogB_Ta:089,Fz,True,0,0,798.0773632410163,21.393148699168364,40.08800183108265,279.8046845197223,
VisualCogB_Task-1,VisualCogB_Ta:089,F3,True,0,0,388.5862516212711,32.16601815823606,21.582366674296352,213.0159456778821,
VisualCogB_Task-1,VisualCogB_Ta:089,F4,True,0,0,286.80857557030595,26.214999618524416,15.42890363927675,203.93682764934772,
VisualCogB_Task-1,VisualCogB_Ta:090,Fz,True,0,0,99.67193102922079,22.949568932631564,10.63282215609984,98.34439612420852,
VisualCogB_Task-1,VisualCogB_Ta:090,F3,True,0,0,69.09285114824138,27.100022888532862,7.918059052414796,127.03135728999769,
VisualCogB_Task-1,VisualCogB_Ta:090,F4,True,0,0,62.19577325093462,29.755092698557974,7.013138017852946,133.80636301213087,
VisualCogB_Task-1,VisualCogB_Ta:091,Fz,False,489,476,,,,,clip_or_out_of_range|flat_run
VisualCogB_Task-1,VisualCogB_Ta:091,F3,False,249,242,,,,,clip_or_out_of_range|flat_run
VisualCogB_Task-1,VisualCogB_Ta:091,F4,True,0,0,761.3641565575649,26.550698100251793,21.491874570840015,647.196154726482,
VisualCogB_Task-1,VisualCogB_Ta:092,Fz,True,0,0,175.29564354924855,28.290226596475122,13.800045777065556,289.173723964294,
VisualCogB_Task-1,VisualCogB_Ta:092,F3,True,0,0,175.84496833752974,30.579079880979748,11.628235294117522,7.003891050583604,
VisualCogB_Task-1,VisualCogB_Ta:092,F4,True,0,0,194.55252918287954,27.86297398336751,11.221020828564848,45.944914930952905,
VisualCogB_Task-1,VisualCogB_Ta:093,Fz,True,0,0,120.48523689631497,22.339208056763482,38.32340581368729,62.05844205386438,
VisualCogB_Task-1,VisualCogB_Ta:093,F3,True,0,0,128.90821698329137,25.2689402609293,41.53587548638134,96.8032349126421,
VisualCogB_Task-1,VisualCogB_Ta:093,F4,True,0,0,109.224078736553,24.96375982299537,39.092588693064805,87.11375600823987,
VisualCogB_Task-1,VisualCogB_Ta:094,Fz,True,0,0,124.57465476462949,20.08087281605242,7.827566948958459,5.935759517814915,
VisualCogB_Task-1,VisualCogB_Ta:094,F3,True,0,0,132.69245441367207,29.083695735103333,8.958718242160645,63.828488593881104,
VisualCogB_Task-1,VisualCogB_Ta:094,F4,True,0,0,140.90180819409477,23.07164110780502,7.827566948958459,76.95124742504004,
VisualCogB_Task-1,VisualCogB_Ta:095,Fz,True,0,0,149.56893263141842,24.536507209887873,9.049210345616814,19.272144655527484,
VisualCogB_Task-1,VisualCogB_Ta:095,F3,True,0,0,163.2715342946517,26.886396581979056,9.637409018081991,47.531853208209384,
VisualCogB_Task-1,VisualCogB_Ta:095,F4,True,0,0,143.98413061722738,24.475471122301087,10.859052414740345,105.18043793392837,
VisualCogB_Task-1,VisualCogB_Ta:096,Fz,True,0,0,1088.3955138475621,25.08583199816917,14.207260242618565,77.2411688410773,
VisualCogB_Task-1,VisualCogB_Ta:096,F3,True,0,0,1054.6730754558635,29.51094834821083,13.52856946669722,209.10963607232782,
VisualCogB_Task-1,VisualCogB_Ta:096,F4,True,0,0,1265.2170595864807,27.43572137026024,12.623648432135539,130.37308308537422,
VisualCogB_Task-1,VisualCogB_Ta:097,Fz,True,0,0,176.7299916075376,25.87930113679704,11.582989242389521,256.73304341191727,
VisualCogB_Task-1,VisualCogB_Ta:097,F3,True,0,0,205.35591668574034,27.740901808194167,8.868226138704477,74.54032196536201,
VisualCogB_Task-1,VisualCogB_Ta:097,F4,True,0,0,145.05226214999618,26.73380636301215,13.57381551842522,38.101777676050915,
VisualCogB_Task-1,VisualCogB_Ta:098,Fz,True,0,0,285.95407034409095,22.583352407110624,9.999377431906494,380.78889143205913,
VisualCogB_Task-1,VisualCogB_Ta:098,F3,True,0,0,134.0047302967879,28.046082246128094,10.949544518196344,140.55085069047072,
VisualCogB_Task-1,VisualCogB_Ta:098,F4,True,0,0,232.3033493553063,24.32288090333418,12.171187914854698,98.55802243076215,
VisualCogB_Task-1,VisualCogB_Ta:099,Fz,True,0,0,269.5963988708327,23.071641107804908,27.328615243762776,23.84985122453645,
VisualCogB_Task-1,VisualCogB_Ta:099,F3,True,0,0,560.8300907911803,26.214999618524416,45.3365438315404,211.85626001373305,
VisualCogB_Task-1,VisualCogB_Ta:099,F4,True,0,0,485.42000457770655,22.79697871366443,17.826944380865292,111.77233539330132,
VisualCogB_Task-2,VisualCogB_Ta:000,Fz,True,0,0,256.7788204776075,17.639429312581115,6.24395513847577,2.334630350194516,
VisualCogB_Task-2,VisualCogB_Ta:000,F3,True,0,0,488.19714656290535,22.70542458228431,7.465598535133787,2.2278171969176697,
VisualCogB_Task-2,VisualCogB_Ta:000,F4,True,0,0,475.07438773174647,17.822537575341357,7.556090638590123,21.789883268482413,
VisualCogB_Task-2,VisualCogB_Ta:001,Fz,True,0,0,1088.3955138475624,18.432898451209212,52.1686976424811,91.4778362706951,
VisualCogB_Task-2,VisualCogB_Ta:001,F3,True,0,0,1357.9613946746013,22.644388494697523,64.74710002288863,15.960936903944457,
VisualCogB_Task-2,VisualCogB_Ta:001,F4,False,2,0,,,,,clip_or_out_of_range
VisualCogB_Task-2,VisualCogB_Ta:002,Fz,True,0,0,196.87190051117705,15.62523842221708,12.804632639047538,283.1616693369956,
VisualCogB_Task-2,VisualCogB_Ta:002,F3,True,0,0,162.7832455939572,27.710383764400603,7.73707484550246,302.3575188830397,
VisualCogB_Task-2,VisualCogB_Ta:002,F4,True,0,0,186.83146410315112,18.24979018844897,10.497084000915503,296.4370183871215,
VisualCogB_Task-2,VisualCogB_Ta:003,Fz,True,0,0,733.0128938735029,17.822537575341357,7.918059052414796,109.88021667811097,
VisualCogB_Task-2,VisualCogB_Ta:003,F3,True,0,0,1133.1044480048827,26.30655374990488,5.520018310826088,186.69413290608065,
VisualCogB_Task-2,VisualCogB_Ta:003,F4,True,0,0,1109.1783016708628,22.461280231937167,7.058384069581114,192.67566948958574,
VisualCogB_Task-2,VisualCogB_Ta:004,Fz,True,0,0,249.66811627374682,19.439993896391343,15.700379949645592,328.1452658884565,
VisualCogB_Task-2,VisualCogB_Ta:004,F3,True,0,0,164.09552147707313,24.7806515602349,8.551503776608142,217.73098344396112,
VisualCogB_Task-2,VisualCogB_Ta:004,F4,True,0,0,204.1657129777982,21.75936522468919,11.809219501029856,392.01953154802766,
VisualCogB_Task-2,VisualCogB_Ta:005,Fz,True,0,0,717.3266193636987,16.174563210498263,14.795458915083405,188.9677271686885,
VisualCogB_Task-2,VisualCogB_Ta:005,F3,True,0,0,1069.810025177386,23.590447852292527,41.53587548638134,101.67086289768827,
VisualCogB_Task-2,VisualCogB_Ta:005,F4,True,0,0,1107.1030746929123,20.141908903639205,46.7844174868391,225.6198977645533,
VisualCogB_Task-2,VisualCogB_Ta:006,Fz,True,0,0,1104.8752574959944,15.777828641183987,66.05923552300307,1.8005645838101714,
VisualCogB_Task-2,VisualCogB_Ta:006,F3,True,0,0,1141.9851987487602,23.041123064011572,62.43955138475618,94.97215228503865,
VisualCogB_Task-2,VisualCogB_Ta:006,F4,True,0,0,1466.1783779659722,20.29449912260634,90.76357976653698,108.65949492637537,
VisualCogB_Task-2,VisualCogB_Ta:007,Fz,True,0,0,250.40054932478824,14.953841458762554,6.515431448844105,37.39986266880288,
VisualCogB_Task-2,VisualCogB_Ta:007,F3,True,0,0,359.1668574044405,18.616006713969682,6.83215381094061,56.27527275501643,
VisualCogB_Task-2,VisualCogB_Ta:007,F4,True,0,0,308.44586861982145,14.801251239795874,8.64199588006414,54.4289311055162,
VisualCogB_Task-2,VisualCogB_Ta:008,Fz,True,0,0,298.43595025558864,13.76363775082018,5.203295948729752,75.02861066605624,
VisualCogB_Task-2,VisualCogB_Ta:008,F3,True,0,0,515.205615320058,23.52941176470597,5.293788052185752,165.88082703898692,
VisualCogB_Task-2,VisualCogB_Ta:008,F4,True,0,0,414.58762493324184,16.05249103532458,7.556090638589787,137.43801022354467,
VisualCogB_Task-2,VisualCogB_Ta:009,Fz,True,0,0,1054.1542687113756,20.721751735713838,26.559432364385433,284.9927519645991,
VisualCogB_Task-2,VisualCogB_Ta:009,F3,False,2,0,,,,,clip_or_out_of_range
VisualCogB_Task-2,VisualCogB_Ta:009,F4,False,82,61,,,,,clip_or_out_of_range|flat_run
VisualCogB_Task-2,VisualCogB_Ta:010,Fz,True,0,0,751.6289005874723,17.42580300602708,22.849256122682537,191.34813458457313,
VisualCogB_Task-2,VisualCogB_Ta:010,F3,True,0,0,752.4528877698939,16.876478217746126,39.997509727626486,271.473258564126,
VisualCogB_Task-2,VisualCogB_Ta:010,F4,True,0,0,822.8274967574579,16.510261692225413,31.717482261387016,207.034409094377,
VisualCogB_Task-2,VisualCogB_Ta:011,Fz,True,0,0,217.9598687724117,16.78492408636589,13.70955367360922,224.17029068436727,
VisualCogB_Task-2,VisualCogB_Ta:011,F3,True,0,0,228.5191119249257,16.540779736018976,10.63282215609984,211.12382696269162,
VisualCogB_Task-2,VisualCogB_Ta:011,F4,True,0,0,200.41199359121083,16.174563210498263,10.723314259556176,273.94522011139077,
VisualCogB_Task-2,VisualCogB_Ta:012,Fz,True,0,0,550.9117265583276,18.585488670176233,8.73248798352014,54.230563820859174,
VisualCogB_Task-2,VisualCogB_Ta:012,F3,True,0,0,724.6204318303198,17.51735713740743,5.655756466010761,61.93636987869081,
VisualCogB_Task-2,VisualCogB_Ta:012,F4,True,0,0,823.6514839398794,17.60891126878755,8.551503776607804,69.26070038910507,
VisualCogB_Task-2,VisualCogB_Ta:013,Fz,True,0,0,797.9552910658426,15.167467765316246,59.408065918974636,548.8517586022735,
VisualCogB_Task-2,VisualCogB_Ta:013,F3,False,5,0,,,,,clip_or_out_of_range
VisualCogB_Task-2,VisualCogB_Ta:013,F4,False,135,83,,,,,clip_or_out_of_range|flat_run
VisualCogB_Task-2,VisualCogB_Ta:014,Fz,True,0,0,918.2269016556038,15.28953994048993,35.24667429617766,169.19203479056995,
VisualCogB_Task-2,VisualCogB_Ta:014,F3,True,0,0,967.3304341191729,17.181658655680167,71.30777752346083,248.09643701838718,
VisualCogB_Task-2,VisualCogB_Ta:014,F4,False,9,1,,,,,clip_or_out_of_range|flat_run
VisualCogB_Task-2,VisualCogB_Ta:015,Fz,True,0,0,445.0446326390478,20.813305867093845,12.668894483863706,529.1828793774318,
VisualCogB_Task-2,VisualCogB_Ta:015,F3,True,0,0,1120.4394598306249,17.486839093614094,21.80859693293652,746.1814297703518,
VisualCogB_Task-2,VisualCogB_Ta:015,F4,False,158,142,,,,,clip_or_out_of_range|flat_run
VisualCogB_Task-2,VisualCogB_Ta:016,Fz,True,0,0,331.9752803845273,18.432898451209326,10.089869535362832,42.1911955443656,
VisualCogB_Task-2,VisualCogB_Ta:016,F3,True,0,0,421.30159456778813,16.784924086366004,15.474149691004751,110.30746929121847,
VisualCogB_Task-2,VisualCogB_Ta:016,F4,True,0,0,445.19722285801504,16.754406042572782,8.053797207598963,84.26031891355768,
VisualCogB_Task-2,VisualCogB_Ta:017,Fz,True,0,0,226.8101014724955,18.066681925688727,9.275440604257486,225.60463874265668,
VisualCogB_Task-2,VisualCogB_Ta:017,F3,True,0,0,214.90806439307244,19.2568856336311,21.491874570840015,210.52872510872044,
VisualCogB_Task-2,VisualCogB_Ta:017,F4,True,0,0,225.8030060273136,17.944609750515156,7.556090638590123,313.3134966048676,
VisualCogB_Task-2,VisualCogB_Ta:018,Fz,True,0,0,436.43854428931104,18.0666819256885,9.365932707713487,56.13794155794619,
VisualCogB_Task-2,VisualCogB_Ta:018,F3,True,0,0,637.4303807125964,18.92118715190361,8.325273517967469,19.150072480353913,
VisualCogB_Task-2,VisualCogB_Ta:018,F4,True,0,0,687.1442740520332,17.181658655680394,7.058384069581114,80.00305180437931,
VisualCogB_Task-2,VisualCogB_Ta:019,Fz,True,0,0,866.1020828564888,25.085831998168942,29.09321126115814,349.9961852445258,
VisualCogB_Task-2,VisualCogB_Ta:019,F3,False,2,0,,,,,clip_or_out_of_range
VisualCogB_Task-2,VisualCogB_Ta:019,F4,False,22,18,,,,,clip_or_out_of_range|flat_run
VisualCogB_Task-2,VisualCogB_Ta:020,Fz,True,0,0,496.9558251316091,18.493934538795884,7.827566948958796,306.84367132066836,
VisualCogB_Task-2,VisualCogB_Ta:020,F3,True,0,0,1080.8880750743879,18.1277180132754,38.32340581368729,460.6393530174714,
VisualCogB_Task-2,VisualCogB_Ta:020,F4,True,0,0,887.1900511177233,18.18875410086207,9.863639276722495,494.2549782558938,
VisualCogB_Task-2,VisualCogB_Ta:021,Fz,True,0,0,385.0156404974441,18.31082627603564,21.17515220874334,246.20431830319671,
VisualCogB_Task-2,VisualCogB_Ta:021,F3,True,0,0,862.3178454261082,18.371862363622654,15.47414969100492,280.99488822766443,
VisualCogB_Task-2,VisualCogB_Ta:021,F4,True,0,0,933.2722972457466,16.083009079118256,6.33444724193177,319.8748760204471,
VisualCogB_Task-2,VisualCogB_Ta:022,Fz,True,0,0,609.1706721599145,14.98435950255589,18.686619363698636,422.415503166247,
VisualCogB_Task-2,VisualCogB_Ta:022,F3,False,34,0,,,,,clip_or_out_of_range
VisualCogB_Task-2,VisualCogB_Ta:022,F4,False,179,166,,,,,clip_or_out_of_range|flat_run
VisualCogB_Task-2,VisualCogB_Ta:023,Fz,True,0,0,398.10788128480976,23.22423132677193,9.411178759441485,47.25719081406896,
VisualCogB_Task-2,VisualCogB_Ta:023,F3,True,0,0,296.5438315403982,48.249027237354085,10.813806363011839,68.98603799496448,
VisualCogB_Task-2,VisualCogB_Ta:023,F4,True,0,0,495.6435492484932,28.10711833371488,21.763350881208687,61.5091172655832,
VisualCogB_Task-2,VisualCogB_Ta:024,Fz,True,0,0,801.7090104524299,17.700465400168014,34.070276951247216,170.01602197299167,
VisualCogB_Task-2,VisualCogB_Ta:024,F3,True,0,0,745.7999542229343,19.897764553292063,39.545049210345304,560.9063859006638,
VisualCogB_Task-2,VisualCogB_Ta:024,F4,True,0,0,982.9251544975968,20.75226977950706,45.3365438315404,266.803997863737,
VisualCogB_Task-2,VisualCogB_Ta:025,Fz,True,0,0,581.1856260013733,15.228503852903145,17.193499656671946,113.9391165026322,
VisualCogB_Task-2,VisualCogB_Ta:025,F3,True,0,0,1327.0466163118945,56.244754711223095,99.08885328450444,356.3439383535516,
VisualCogB_Task-2,VisualCogB_Ta:025,F4,True,0,0,991.5922789349203,14.557106889448505,50.042133211261145,1.8616006713969568,
VisualCogB_Task-2,VisualCogB_Ta:026,Fz,True,0,0,477.75997558556503,16.784924086366118,31.35551384756251,140.48981460288394,
VisualCogB_Task-2,VisualCogB_Ta:026,F3,True,0,0,606.4850843060959,17.303730830853624,58.59363698786912,270.7713435568781,
VisualCogB_Task-2,VisualCogB_Ta:026,F4,True,0,0,713.5423819333182,14.25192645151435,38.41389791714329,253.7880521858549,
VisualCogB_Task-2,VisualCogB_Ta:027,Fz,True,0,0,158.60227359426267,28.04608224612798,13.438077363241051,0.6561379415579154,
VisualCogB_Task-2,VisualCogB_Ta:027,F3,True,0,0,191.83642328526741,35.950255588616756,8.280027466239638,63.30968184939343,
VisualCogB_Task-2,VisualCogB_Ta:027,F4,True,0,0,154.207675288014,28.717479209582507,10.904298466468344,4.135194934004687,
VisualCogB_Task-2,VisualCogB_Ta:028,Fz,True,0,0,1000.2288853284506,33.661402304112244,53.390341039139365,109.60555428397049,
VisualCogB_Task-2,VisualCogB_Ta:028,F3,True,0,0,819.4094758525979,46.509498741130756,57.28150148775426,469.38277256427875,
VisualCogB_Task-2,VisualCogB_Ta:028,F4,True,0,0,1156.115053025101,38.941023880369244,58.00543831540394,371.23674372472726,
VisualCogB_Task-2,VisualCogB_Ta:029,Fz,True,0,0,499.76348516060114,39.36827649347674,9.773147173266159,20.29449912260617,
VisualCogB_Task-2,VisualCogB_Ta:029,F3,True,0,0,505.7145037003129,54.44419012741287,11.175774776836848,325.9479667353322,
VisualCogB_Task-2,VisualCogB_Ta:029,F4,True,0,0,752.8801403830016,43.36614023041113,10.859052414740177,60.532539864194746,
VisualCogB_Task-2,VisualCogB_Ta:030,Fz,True,0,0,445.5329213397423,18.09719996948229,28.912227054245633,109.57503624017704,
VisualCogB_Task-2,VisualCogB_Ta:030,F3,True,0,0,271.9462882429234,30.273899443045593,8.370519569695468,272.2362096589608,
VisualCogB_Task-2,VisualCogB_Ta:030,F4,True,0,0,380.46845197222865,18.31082627603587,12.035449759670193,241.51979858091102,
VisualCogB_Task-2,VisualCogB_Ta:031,Fz,True,0,0,795.6969558251317,18.432898451209326,51.3090226596475,37.079423208972344,
VisualCogB_Task-2,VisualCogB_Ta:031,F3,True,0,0,946.364538033112,26.733806363012036,56.37658045319258,400.22888532845036,
VisualCogB_Task-2,VisualCogB_Ta:031,F4,True,0,0,1122.8198672465094,17.456321049820758,73.38909590295252,236.4690623331045,
VisualCogB_Task-2,VisualCogB_Ta:032,Fz,True,0,0,271.82421606774994,15.533684290836845,26.016479743648254,46.158541237506654,
VisualCogB_Task-2,VisualCogB_Ta:032,F3,True,0,0,557.8393224994277,26.947432669565615,63.072996108949354,65.96475165941865,
VisualCogB_Task-2,VisualCogB_Ta:032,F4,True,0,0,802.9907682917524,17.944609750515042,77.9589471274891,158.72434576943618,
VisualCogB_Task-2,VisualCogB_Ta:033,Fz,True,0,0,596.7498283360036,16.876478217746126,31.626990157931186,227.74090180819417,
VisualCogB_Task-2,VisualCogB_Ta:033,F3,True,0,0,240.2990768291752,21.972991531242997,7.058384069581114,361.6693369954986,
VisualCogB_Task-2,VisualCogB_Ta:033,F4,True,0,0,508.82734416723883,18.005645838101827,29.862394140535486,404.54718852521546,
VisualCogB_Task-2,VisualCogB_Ta:034,Fz,True,0,0,487.8919661249713,21.149004348821336,23.980407415884724,81.51369497215228,
VisualCogB_Task-2,VisualCogB_Ta:034,F3,True,0,0,556.8932631418327,29.724574654764638,25.292542915999416,362.38651102464337,
VisualCogB_Task-2,VisualCogB_Ta:034,F4,True,0,0,473.8231479362173,21.149004348821336,16.06234836346976,50.003814755474195,
VisualCogB_Task-2,VisualCogB_Ta:035,Fz,True,0,0,321.9653620202944,20.019836728465748,14.478736552986902,196.06317235065228,
VisualCogB_Task-2,VisualCogB_Ta:035,F3,True,0,0,647.8980697337302,25.11635004196239,19.501048294804317,151.04905775539788,
VisualCogB_Task-2,VisualCogB_Ta:035,F4,True,0,0,671.6411078049897,18.1277180132754,10.40659189745942,241.6113527122912,
VisualCogB_Task-2,VisualCogB_Ta:036,Fz,True,0,0,167.84924086366073,17.639429312581115,4.479359121080407,201.52590218966952,
VisualCogB_Task-2,VisualCogB_Ta:036,F3,True,0,0,358.03768978408493,20.44708934157302,7.646582742046123,214.55710688944828,
VisualCogB_Task-2,VisualCogB_Ta:036,F4,True,0,0,214.75547417410553,19.378957808804444,5.565264362554425,296.98634317540245,
VisualCogB_Task-2,VisualCogB_Ta:037,Fz,True,0,0,496.1623559929809,27.191577019912984,12.66889448386354,37.888151369497336,
VisualCogB_Task-2,VisualCogB_Ta:037,F3,True,0,0,937.575341420615,55.420767528801434,61.489384298466334,232.70008392462046,
VisualCogB_Task-2,VisualCogB_Ta:037,F4,True,0,0,580.6057831692989,24.8416876478218,13.483323414969052,75.82207980468445,
VisualCogB_Task-2,VisualCogB_Ta:038,Fz,True,0,0,524.8798352025635,17.24269474326684,41.40013733119734,243.06095979247743,
VisualCogB_Task-2,VisualCogB_Ta:038,F3,True,0,0,287.9987792782483,23.407339589532285,11.402005035477185,350.3929198138401,
VisualCogB_Task-2,VisualCogB_Ta:038,F4,True,0,0,465.03395132372,21.881437399862534,29.22894941634214,396.76508735790026,
VisualCogB_Task-2,VisualCogB_Ta:039,Fz,True,0,0,184.35950255588614,22.705424582284195,14.795458915083573,60.21210040436404,
VisualCogB_Task-2,VisualCogB_Ta:039,F3,True,0,0,251.926451514458,25.48256656748299,19.591540398260484,50.30899519340812,
VisualCogB_Task-2,VisualCogB_Ta:039,F4,True,0,0,234.31754024567033,21.88143739986276,11.537743190661521,69.73373006790268,
VisualCogB_Task-2,VisualCogB_Ta:040,Fz,True,0,0,687.6935988403143,22.21713588158991,10.542330052643672,440.2685587853818,
VisualCogB_Task-2,VisualCogB_Ta:040,F3,True,0,0,1037.7355611505304,22.12558175020979,42.16932021057469,128.11474784466316,
VisualCogB_Task-2,VisualCogB_Ta:040,F4,True,0,0,1183.6423285267415,20.141908903639205,11.402005035477185,507.43877317463955,
VisualCogB_Task-2,VisualCogB_Ta:041,Fz,True,0,0,849.2256046387425,21.97299153124277,27.871567864499784,189.89852750438695,
VisualCogB_Task-2,VisualCogB_Ta:041,F3,True,0,0,558.4191653315023,25.055313954375833,15.700379949645255,409.506370641642,
VisualCogB_Task-2,VisualCogB_Ta:041,F4,True,0,0,949.6299687190052,21.087968261234437,37.50897688258194,398.96238651102453,
VisualCogB_Task-2,VisualCogB_Ta:042,Fz,True,0,0,886.4881361104754,18.463416495002775,10.13511558709083,617.242694743267,
VisualCogB_Task-2,VisualCogB_Ta:042,F3,False,156,149,,,,,clip_or_out_of_range|flat_run
VisualCogB_Task-2,VisualCogB_Ta:042,F4,False,258,254,,,,,clip_or_out_of_range|flat_run
VisualCogB_Task-2,VisualCogB_Ta:043,Fz,True,0,0,247.53185320820944,20.325017166399675,10.18036163881883,232.59327077134367,
VisualCogB_Task-2,VisualCogB_Ta:043,F3,True,0,0,238.9257648584728,19.073777370870403,7.7370748455027964,219.77569237811872,
VisualCogB_Task-2,VisualCogB_Ta:043,F4,True,0,0,340.4898146028838,19.867246509498955,10.587576104371504,268.29938200961305,
VisualCogB_Task-2,VisualCogB_Ta:044,Fz,True,0,0,411.81048294804316,22.55283436331706,12.216433966582867,34.85160601205473,
VisualCogB_Task-2,VisualCogB_Ta:044,F3,True,0,0,838.1475547417411,19.439993896391115,50.087379262989145,424.1550316624705,
VisualCogB_Task-2,VisualCogB_Ta:044,F4,True,0,0,819.8062104219118,22.247653925383247,45.56277409018074,161.5320057984285,
VisualCogB_Task-2,VisualCogB_Ta:045,Fz,True,0,0,371.862363622492,20.263981078812776,9.954131380178495,81.95620660715645,
VisualCogB_Task-2,VisualCogB_Ta:045,F3,True,0,0,279.7283894102387,17.120622568093495,5.1580498970014155,159.59411001754802,
VisualCogB_Task-2,VisualCogB_Ta:045,F4,True,0,0,368.5969329365988,19.317921721217772,11.537743190661521,158.66330968184946,
VisualCogB_Task-2,VisualCogB_Ta:046,Fz,True,0,0,136.7818722819867,16.84596017395279,9.23019455252915,54.4289311055162,
VisualCogB_Task-2,VisualCogB_Ta:046,F3,True,0,0,152.59021896696424,19.16533150225075,11.221020828564848,8.865491721980561,
VisualCogB_Task-2,VisualCogB_Ta:046,F4,True,0,0,136.1409933623254,25.604638742656675,17.37448386358428,38.74265659571233,
VisualCogB_Task-2,VisualCogB_Ta:047,Fz,True,0,0,306.9810025177387,19.317921721217658,12.12594186312653,153.24635690852216,
VisualCogB_Task-2,VisualCogB_Ta:047,F3,True,0,0,410.3456168459604,26.611734187838465,14.388244449530733,106.81315327687491,
VisualCogB_Task-2,VisualCogB_Ta:047,F4,True,0,0,457.1297779812312,20.50812542916003,32.260434882124194,172.16754406042577,
VisualCogB_Task-2,VisualCogB_Ta:048,Fz,True,0,0,871.7174029144733,16.357671473258733,41.71685969329368,206.40878919661247,
VisualCogB_Task-2,VisualCogB_Ta:048,F3,True,0,0,932.2652018005643,20.080872816052533,50.811316090638826,409.506370641642,
VisualCogB_Task-2,VisualCogB_Ta:048,F4,True,0,0,1158.6785687037461,16.754406042572782,68.81924467841611,344.1367208361945,
VisualCogB_Task-2,VisualCogB_Ta:049,Fz,True,0,0,525.3376058594644,17.24269474326684,21.808596932936688,416.57129777981226,
VisualCogB_Task-2,VisualCogB_Ta:049,F3,False,51,0,,,,,clip_or_out_of_range
VisualCogB_Task-2,VisualCogB_Ta:049,F4,False,154,110,,,,,clip_or_out_of_range|flat_run
VisualCogB_Task-2,VisualCogB_Ta:050,Fz,True,0,0,751.5678644998857,16.87647821774624,41.988336003662184,281.2848096437018,
VisualCogB_Task-2,VisualCogB_Ta:050,F3,True,0,0,585.2140077821011,31.34203097581417,25.835495536736087,509.0104524299992,
VisualCogB_Task-2,VisualCogB_Ta:050,F4,True,0,0,1064.0115968566415,20.447089341573133,63.84217898832704,382.49790188448924,
VisualCogB_Task-2,VisualCogB_Ta:051,Fz,True,0,0,278.4161135271229,27.61882963302037,7.646582742046123,139.77264057373918,
VisualCogB_Task-2,VisualCogB_Ta:051,F3,True,0,0,255.19188220035096,23.98718242160703,9.456424811169486,149.18745708400093,
VisualCogB_Task-2,VisualCogB_Ta:051,F4,True,0,0,299.59563591973756,30.945296406500347,6.424939345388106,153.12428473334842,
VisualCogB_Task-2,VisualCogB_Ta:052,Fz,True,0,0,540.8712901503014,20.508125429159918,18.550881208514973,178.54581521324485,
VisualCogB_Task-2,VisualCogB_Ta:052,F3,True,0,0,392.21789883268457,32.31860837720296,12.804632639047876,400.86976424811166,
VisualCogB_Task-2,VisualCogB_Ta:052,F4,True,0,0,446.93675135423814,18.829633020523715,10.587576104371504,242.2674906538491,
VisualCogB_Task-2,VisualCogB_Ta:053,Fz,True,0,0,838.5442893110552,22.339208056763596,84.42913252460521,622.4917982757306,
VisualCogB_Task-2,VisualCogB_Ta:053,F3,False,97,82,,,,,clip_or_out_of_range|flat_run
VisualCogB_Task-2,VisualCogB_Ta:053,F4,False,223,210,,,,,clip_or_out_of_range|flat_run
VisualCogB_Task-2,VisualCogB_Ta:054,Fz,True,0,0,200.53406576638417,16.479743648432077,7.64658274204646,141.40535591668572,
VisualCogB_Task-2,VisualCogB_Ta:054,F3,True,0,0,357.1831845578698,23.865110246433233,23.57319295033205,129.19813839932863,
VisualCogB_Task-2,VisualCogB_Ta:054,F4,True,0,0,335.8205539024948,27.46623941405369,13.03086289768821,197.08552681773097,
VisualCogB_Task-2,VisualCogB_Ta:055,Fz,True,0,0,601.9073777370872,17.120622568093495,59.227081712062464,350.56076905470354,
VisualCogB_Task-2,VisualCogB_Ta:055,F3,True,0,0,1102.037079423209,24.07873655298704,118.31842526894043,425.6504158083467,
VisualCogB_Task-2,VisualCogB_Ta:055,F4,False,5,0,,,,,clip_or_out_of_range
VisualCogB_Task-2,VisualCogB_Ta:056,Fz,True,0,0,582.1011673151751,17.608911268787665,31.21977569237826,407.5989929045548,
VisualCogB_Task-2,VisualCogB_Ta:056,F3,True,0,0,1223.4988937209125,16.937514305333025,12.849878690775874,490.11978332188914,
VisualCogB_Task-2,VisualCogB_Ta:056,F4,False,25,0,,,,,clip_or_out_of_range
VisualCogB_Task-2,VisualCogB_Ta:057,Fz,True,0,0,382.9098954757002,20.843823910887295,17.012515449759608,22.354467078660207,
VisualCogB_Task-2,VisualCogB_Ta:057,F3,True,0,0,323.27763790341055,18.61600671396991,8.551503776607804,208.2093537804226,
VisualCogB_Task-2,VisualCogB_Ta:057,F4,True,0,0,581.5823605706875,35.187304493781994,22.89450217441037,235.8281834134433,
VisualCogB_Task-2,VisualCogB_Ta:058,Fz,True,0,0,620.8896009765776,28.68696116578917,39.499803158617475,75.94415197985802,
VisualCogB_Task-2,VisualCogB_Ta:058,F3,True,0,0,632.8526741435876,53.681239032578105,39.18308079652097,293.5530632486458,
VisualCogB_Task-2,VisualCogB_Ta:058,F4,True,0,0,724.0405889982451,37.78133821622032,38.77586633096796,154.4670786602578,
VisualCogB_Task-2,VisualCogB_Ta:059,Fz,True,0,0,274.96757457846957,23.041123064011572,11.763973449301858,327.62645914396876,
VisualCogB_Task-2,VisualCogB_Ta:059,F3,True,0,0,474.3114366369118,30.701152056153205,19.320064087891645,256.10742351415274,
VisualCogB_Task-2,VisualCogB_Ta:059,F4,True,0,0,401.7395284962231,22.064545662623004,18.641373311970636,448.53894865339123,
VisualCogB_Task-2,VisualCogB_Ta:060,Fz,True,0,0,355.74883649958053,18.310826276035755,16.786285191119273,36.148622873273894,
VisualCogB_Task-2,VisualCogB_Ta:060,F3,True,0,0,296.910048065919,21.149004348821336,9.682655069809822,89.46364538033095,
VisualCogB_Task-2,VisualCogB_Ta:060,F4,True,0,0,402.74662394140523,25.32997634851631,14.162014190890229,193.72854200045776,
VisualCogB_Task-2,VisualCogB_Ta:061,Fz,True,0,0,230.8690012970169,19.378957808804444,6.741661707484441,64.77454795147628,
VisualCogB_Task-2,VisualCogB_Ta:061,F3,True,0,0,204.04364080262462,22.827496757457993,5.474772259098762,74.84550240329588,
VisualCogB_Task-2,VisualCogB_Ta:061,F4,True,0,0,289.4636453803313,23.651483939879427,7.058384069581114,81.37636377508193,
VisualCogB_Task-2,VisualCogB_Ta:062,Fz,True,0,0,474.92179751277945,24.65857938506133,9.954131380178495,0.8850232700083893,
VisualCogB_Task-2,VisualCogB_Ta:062,F3,True,0,0,533.4859235523003,25.23842221713562,22.758764019226707,146.7917906462195,
VisualCogB_Task-2,VisualCogB_Ta:062,F4,True,0,0,729.2896925307089,24.96375982299537,23.980407415884724,117.26558327611201,
VisualCogB_Task-2,VisualCogB_Ta:063,Fz,True,0,0,299.5040817883573,18.31082627603564,6.379693293659769,106.64530403601145,
VisualCogB_Task-2,VisualCogB_Ta:063,F3,True,0,0,506.69108110170134,20.660715648126825,6.741661707484779,11.017013809414777,
VisualCogB_Task-2,VisualCogB_Ta:063,F4,True,0,0,414.2519264515146,24.841687647821573,8.008551155870796,108.14068818188764,
VisualCogB_Task-2,VisualCogB_Ta:064,Fz,True,0,0,709.2393377584497,18.860151064316597,6.153463035019433,161.7608911268788,
VisualCogB_Task-2,VisualCogB_Ta:064,F3,True,0,0,898.664835584039,21.149004348821336,5.384280155642426,353.06324864576175,
VisualCogB_Task-2,VisualCogB_Ta:064,F4,True,0,0,1081.7730983443962,24.65857938506133,7.646582742046123,321.58388647287705,
VisualCogB_Task-2,VisualCogB_Ta:065,Fz,True,0,0,1137.6516365300984,18.951705195696945,33.120109864957534,65.41542687113758,
VisualCogB_Task-2,VisualCogB_Ta:065,F3,True,0,0,1586.6025787747003,20.569161516746817,78.99960631723495,163.40886549172205,
VisualCogB_Task-2,VisualCogB_Ta:065,F4,False,13,3,,,,,clip_or_out_of_range|flat_run
VisualCogB_Task-2,VisualCogB_Ta:066,Fz,True,0,0,407.904173342489,33.32570382238498,6.922645914397115,128.26733806363012,
VisualCogB_Task-2,VisualCogB_Ta:066,F3,True,0,0,462.28732738231463,41.718165865567926,16.107594415197926,77.33272297245742,
VisualCogB_Task-2,VisualCogB_Ta:066,F4,True,0,0,730.0526436255436,29.510948348210945,11.447251087205354,148.1040665293355,
VisualCogB_Task-2,VisualCogB_Ta:067,Fz,True,0,0,778.484779125658,19.9893186846723,23.21122453650721,306.2027924010071,
VisualCogB_Task-2,VisualCogB_Ta:067,F3,True,0,0,1250.110627908751,20.508125429160145,66.78317235065242,25.696192874036683,
VisualCogB_Task-2,VisualCogB_Ta:067,F4,True,0,0,1215.3200579842833,21.33211261158158,53.2998489356832,240.161745632105,
VisualCogB_Task-2,VisualCogB_Ta:068,Fz,True,0,0,330.14419775692363,25.146868085755614,30.8578072785535,271.4427405203327,
VisualCogB_Task-2,VisualCogB_Ta:068,F3,True,0,0,254.33737697413608,54.04745555809882,12.352172121766866,434.2107270923934,
VisualCogB_Task-2,VisualCogB_Ta:068,F4,True,0,0,283.72625314717334,38.75791561760889,26.514186312657433,409.62844281681555,
VisualCogB_Task-2,VisualCogB_Ta:069,Fz,True,0,0,213.93148699168398,23.16319523918537,9.411178759441823,78.26352330815587,
VisualCogB_Task-2,VisualCogB_Ta:069,F3,True,0,0,276.82917524986647,36.987869077591995,8.461011673151805,84.87067978942548,
VisualCogB_Task-2,VisualCogB_Ta:069,F4,True,0,0,256.62623025864036,26.611734187838465,10.58757610437184,87.7393759060044,
VisualCogB_Task-2,VisualCogB_Ta:070,Fz,True,0,0,553.749904631113,24.109254596780374,14.569228656443238,53.25398641947049,
VisualCogB_Task-2,VisualCogB_Ta:070,F3,True,0,0,491.21843289845117,33.5393301289389,11.356758983749184,185.10719462882435,
VisualCogB_Task-2,VisualCogB_Ta:070,F4,True,0,0,616.3424124513617,29.419394216830597,16.560054932478767,122.80460822461282,
VisualCogB_Task-2,VisualCogB_Ta:071,Fz,True,0,0,400.8545052262152,21.271076523994793,33.30109407187004,187.0298313878081,
VisualCogB_Task-2,VisualCogB_Ta:071,F3,True,0,0,702.2507057297628,25.421530479896205,80.71895628290231,71.25963225757226,
VisualCogB_Task-2,VisualCogB_Ta:071,F4,True,0,0,680.2166781109331,30.792706187533327,63.84217898832687,154.8790722514687,
VisualCogB_Task-2,VisualCogB_Ta:072,Fz,True,0,0,215.64049744411386,20.965896086060866,10.225607690547168,9.933623254749364,
VisualCogB_Task-2,VisualCogB_Ta:072,F3,True,0,0,298.8326848249028,23.865110246433005,19.093833829251643,67.46013580529484,
VisualCogB_Task-2,VisualCogB_Ta:072,F4,True,0,0,271.5495536736097,23.95666437781324,10.768560311284176,49.91226062409396,
VisualCogB_Task-2,VisualCogB_Ta:073,Fz,True,0,0,168.45960173952835,17.94460975051527,7.3751064316777875,52.38422217135883,
VisualCogB_Task-2,VisualCogB_Ta:073,F3,True,0,0,330.7545586327915,34.11917296101342,16.605300984207275,117.38765545128558,
VisualCogB_Task-2,VisualCogB_Ta:073,F4,True,0,0,282.26138704509026,21.0574502174411,13.392831311512884,134.92027161058968,
VisualCogB_Task-2,VisualCogB_Ta:074,Fz,True,0,0,227.90875104905774,19.806210421912056,12.578402380407539,14.908064393072323,
VisualCogB_Task-2,VisualCogB_Ta:074,F3,True,0,0,332.1583886472879,24.658579385061444,8.777734035248141,13.626306553749885,
VisualCogB_Task-2,VisualCogB_Ta:074,F4,True,0,0,268.2841229877166,24.47547112230086,16.650547035935272,36.240177004654015,
VisualCogB_Task-2,VisualCogB_Ta:075,Fz,True,0,0,271.54955367360947,23.102159151598244,12.397418173495202,75.82207980468445,
VisualCogB_Task-2,VisualCogB_Ta:075,F3,True,0,0,342.3208972304875,25.72671091783002,16.243332570382265,2.304112306401123,
VisualCogB_Task-2,VisualCogB_Ta:075,F4,True,0,0,524.2694743266956,71.77843900205994,27.735829709315617,118.73044937819486,
VisualCogB_Task-2,VisualCogB_Ta:076,Fz,True,0,0,171.9081406881819,17.975127794308378,9.501670862897823,56.214236667429645,
VisualCogB_Task-2,VisualCogB_Ta:076,F3,True,0,0,227.38994430457012,20.508125429160145,14.297752346074565,78.01937895780884,
VisualCogB_Task-2,VisualCogB_Ta:076,F4,True,0,0,196.5362020294499,19.89776455329229,6.0629709315634335,61.79903868162046,
VisualCogB_Task-2,VisualCogB_Ta:077,Fz,True,0,0,423.01060502021824,20.996414129854315,22.75876401922637,80.2777141985199,
VisualCogB_Task-2,VisualCogB_Ta:077,F3,True,0,0,546.2119478141453,21.118486305027773,15.836118104829255,180.10223544670794,
VisualCogB_Task-2,VisualCogB_Ta:077,F4,True,0,0,530.037384603647,21.0574502174411,20.903675898375344,99.93133440146494,
VisualCogB_Task-2,VisualCogB_Ta:078,Fz,True,0,0,1081.1932555123217,24.231326771953945,54.20476997024488,93.96505683985657,
VisualCogB_Task-2,VisualCogB_Ta:078,F3,True,0,0,1323.3234149691007,26.672770275425364,79.09009842069112,97.64248111696054,
VisualCogB_Task-2,VisualCogB_Ta:078,F4,False,14,0,,,,,clip_or_out_of_range
VisualCogB_Task-2,VisualCogB_Ta:079,Fz,True,0,0,251.28557259479658,20.87434195468063,11.356758983749184,261.58541237506677,
VisualCogB_Task-2,VisualCogB_Ta:079,F3,True,0,0,294.4075684748607,26.276035706111088,14.116768139162566,276.9665064469366,
VisualCogB_Task-2,VisualCogB_Ta:079,F4,True,0,0,322.2400244144351,20.080872816052306,10.768560311283839,328.8776989394979,
VisualCogB_Task-2,VisualCogB_Ta:080,Fz,True,0,0,190.8293278400855,21.972991531242997,8.868226138704477,50.76676585030907,
VisualCogB_Task-2,VisualCogB_Ta:080,F3,True,0,0,189.08979934386207,27.100022888532976,14.026276035706228,35.2941176470589,
VisualCogB_Task-2,VisualCogB_Ta:080,F4,True,0,0,194.79667353322657,20.141908903639205,7.239368276493451,30.99107347219035,
VisualCogB_Task-2,VisualCogB_Ta:081,Fz,False,73,30,,,,,clip_or_out_of_range|flat_run
VisualCogB_Task-2,VisualCogB_Ta:081,F3,False,109,104,,,,,clip_or_out_of_range|flat_run
VisualCogB_Task-2,VisualCogB_Ta:081,F4,False,123,117,,,,,clip_or_out_of_range|flat_run
VisualCogB_Task-2,VisualCogB_Ta:082,Fz,True,0,0,358.0376897840848,21.149004348821336,10.813806363012008,36.77424277103853,
VisualCogB_Task-2,VisualCogB_Ta:082,F3,True,0,0,528.023193713283,25.635156786449897,29.364687571526645,129.22865644312196,
VisualCogB_Task-2,VisualCogB_Ta:082,F4,True,0,0,491.5846494239719,21.149004348821336,14.252506294346396,39.124132143129714,
VisualCogB_Task-2,VisualCogB_Ta:083,Fz,True,0,0,178.1338216220339,20.05035477225931,11.944957656214193,20.218204013122715,
VisualCogB_Task-2,VisualCogB_Ta:083,F3,True,0,0,216.7391470206761,21.63729304951562,15.564641794461087,49.362935835813005,
VisualCogB_Task-2,VisualCogB_Ta:083,F4,True,0,0,241.48928053711768,21.14900434882145,12.306926070038866,41.88601510643184,
VisualCogB_Task-2,VisualCogB_Ta:084,Fz,True,0,0,1091.1726558327614,22.82749675745788,58.503144884412784,149.8130769817655,
VisualCogB_Task-2,VisualCogB_Ta:084,F3,False,33,31,,,,,clip_or_out_of_range|flat_run
VisualCogB_Task-2,VisualCogB_Ta:084,F4,False,39,31,,,,,clip_or_out_of_range|flat_run
VisualCogB_Task-2,VisualCogB_Ta:085,Fz,True,0,0,230.5943389028762,19.439993896391115,6.198709086747433,307.1488517586023,
VisualCogB_Task-2,VisualCogB_Ta:085,F3,True,0,0,219.7909514000155,20.843823910887295,8.325273517967469,210.74235141527424,
VisualCogB_Task-2,VisualCogB_Ta:085,F4,True,0,0,296.81849393453854,22.33920805676371,11.356758983749184,335.10337987335004,
VisualCogB_Task-2,VisualCogB_Ta:086,Fz,True,0,0,544.2587930113681,34.24124513618699,32.5319111924927,30.136568245975354,
VisualCogB_Task-2,VisualCogB_Ta:086,F3,True,0,0,652.6588845654994,46.11276417181671,38.27815976195929,9.063859006637642,
VisualCogB_Task-2,VisualCogB_Ta:086,F4,True,0,0,536.9344625009537,35.767147325856286,22.03482719157669,87.84618905928119,
VisualCogB_Task-2,VisualCogB_Ta:087,Fz,True,0,0,790.4783703364615,20.96589608606098,17.37448386358428,179.9801632715343,
VisualCogB_Task-2,VisualCogB_Ta:087,F3,True,0,0,982.9251544975968,21.33211261158158,55.381167315174984,34.607461661707475,
VisualCogB_Task-2,VisualCogB_Ta:087,F4,True,0,0,1120.7751583123522,21.8509193560692,42.62178072785536,220.90485999847414,
VisualCogB_Task-2,VisualCogB_Ta:088,Fz,True,0,0,817.4563210498205,22.522316319523952,78.45665369649828,268.8944838635844,
VisualCogB_Task-2,VisualCogB_Ta:088,F3,True,0,0,1162.0050354772259,19.501029983978015,141.3939116502633,448.84412909132516,
VisualCogB_Task-2,VisualCogB_Ta:088,F4,True,0,0,1237.1709773403527,19.317921721217772,121.98335545891499,516.0601205462731,
VisualCogB_Task-2,VisualCogB_Ta:089,Fz,True,0,0,401.1902037079424,24.292362859540617,14.93119707026791,280.99488822766455,
VisualCogB_Task-2,VisualCogB_Ta:089,F3,True,0,0,280.7660028992141,19.1348134584573,8.68724193179214,303.18150606546124,
VisualCogB_Task-2,VisualCogB_Ta:089,F4,True,0,0,371.55718318455797,20.56916151674659,12.12594186312653,302.37277790493636,
VisualCogB_Task-2,VisualCogB_Ta:090,Fz,True,0,0,713.0846112764173,23.77355611505311,53.25460288395503,469.1691462577249,
VisualCogB_Task-2,VisualCogB_Ta:090,F3,True,0,0,1051.2855725947968,25.421530479896205,121.66663309681847,612.8480964370184,
VisualCogB_Task-2,VisualCogB_Ta:090,F4,True,0,0,930.0373846036468,22.095063706416454,84.02191805905254,585.1987487602046,
VisualCogB_Task-2,VisualCogB_Ta:091,Fz,True,0,0,325.29182879377447,32.89845120927748,10.13511558709083,58.86930647745487,
VisualCogB_Task-2,VisualCogB_Ta:091,F3,True,0,0,423.0716411078049,33.905546654459386,8.008551155870965,46.34164950026707,
VisualCogB_Task-2,VisualCogB_Ta:091,F4,True,0,0,412.97016861219186,27.038986800946077,10.904298466468175,32.28809033340974,
VisualCogB_Task-2,VisualCogB_Ta:092,Fz,True,0,0,309.5750362401769,19.256885633630873,11.763973449301858,74.02151522087433,
VisualCogB_Task-2,VisualCogB_Ta:092,F3,True,0,0,316.92988479438486,31.342030975814396,14.43349050125924,155.56572823681995,
VisualCogB_Task-2,VisualCogB_Ta:092,F4,True,0,0,327.7027542534522,22.339208056763482,9.863639276722495,101.94552529182886,
VisualCogB_Task-2,VisualCogB_Ta:093,Fz,True,0,0,497.5051499198904,20.019836728465748,22.939748226138708,1.5106431677729688,
VisualCogB_Task-2,VisualCogB_Ta:093,F3,True,0,0,570.6874189364462,31.342030975814396,31.129283588922007,57.3586633096819,
VisualCogB_Task-2,VisualCogB_Ta:093,F4,True,0,0,665.1712825207904,22.186617837796575,34.20601510643156,127.85534447241935,
VisualCogB_Task-2,VisualCogB_Ta:094,Fz,True,0,0,386.26688029297304,26.27603570611143,6.515431448844443,37.61348897535686,
VisualCogB_Task-2,VisualCogB_Ta:094,F3,True,0,0,448.8899061570154,36.43854428931127,9.954131380178495,123.30815594720389,
VisualCogB_Task-2,VisualCogB_Ta:094,F4,True,0,0,452.06378271152823,26.153963530937517,7.601336690318123,73.0296787975891,
VisualCogB_Task-2,VisualCogB_Ta:095,Fz,True,0,0,585.7633325703821,24.353398947127403,34.61322957198423,176.3027389944305,
VisualCogB_Task-2,VisualCogB_Ta:095,F3,True,0,0,656.5651941710536,34.18020904860009,36.468317692835925,262.4704356450751,
VisualCogB_Task-2,VisualCogB_Ta:095,F4,True,0,0,671.7631799801633,25.94033722438394,36.106349279011255,233.08155947203778,
VisualCogB_Task-2,VisualCogB_Ta:096,Fz,True,0,0,235.141527428092,23.071641107804908,11.402005035477185,21.4236667429617,
VisualCogB_Task-2,VisualCogB_Ta:096,F3,True,0,0,249.17982757305276,25.360494392309533,8.415765621423636,57.54177157244226,
VisualCogB_Task-2,VisualCogB_Ta:096,F4,True,0,0,301.7624170290685,26.550698100251566,9.139702449072981,51.071946288243,
VisualCogB_Task-2,VisualCogB_Ta:097,Fz,True,0,0,201.4496070801863,24.71961547264823,6.0629709315634335,67.2159914549477,
VisualCogB_Task-2,VisualCogB_Ta:097,F3,True,0,0,181.30769817654686,24.53650720988776,9.411178759441485,98.06973373006804,
VisualCogB_Task-2,VisualCogB_Ta:097,F4,True,0,0,227.38994430457024,23.956664377813468,7.194122224765451,105.27199206530872,
VisualCogB_Task-2,VisualCogB_Ta:098,Fz,True,0,0,653.2997634851607,20.691233691920388,32.848633554589036,140.15411612115668,
VisualCogB_Task-2,VisualCogB_Ta:098,F3,True,0,0,622.476539253834,28.442816815442143,19.90826276035699,278.32455939574265,
VisualCogB_Task-2,VisualCogB_Ta:098,F4,True,0,0,778.0270084687572,20.263981078812776,39.81652552071398,154.7417410543983,
VisualCogB_Task-2,VisualCogB_Ta:099,Fz,True,0,0,259.22026398107914,22.888532845044438,13.438077363240884,224.35339894712763,
VisualCogB_Task-2,VisualCogB_Ta:099,F3,True,0,0,363.9276722362097,27.55779354543347,7.918059052414459,291.7524986648357,
VisualCogB_Task-2,VisualCogB_Ta:099,F4,True,0,0,293.7666895551995,20.599679560540153,14.026276035705893,261.7837796597238,
